name_,category_,team_,birthdate_
 OY m,J2,lFC,1967/02/26
  \,J3,͌,1975/08/15
 { Ki,J2,,1977/04/27
 _ qa,J3,,1978/01/24
 V C,J1,lFM,1978/02/25
 R ͍G,J3,kB,1978/05/17
  r,J1,֓c,1978/06/24
 } j,J1,,1979/04/05
  ,J1,Ya,1979/05/01
 { pY,J2,V,1979/05/21
 {R u,J3,kB,1979/06/20
 ][ ,J1,,1979/08/02
 d ,J3,,1979/08/02
 ؈ c,J2,R,1979/09/16
 { ,J1,Dy,1979/09/18
  L,J1,Dy,1979/09/27
  Y,J2,lFC,1979/09/30
  m,J2,s,1979/11/08
 ~Lb`,J1,Ó,1980/01/06
  ېm,J1,G,1980/01/28
 v N,J3,Qn,1980/03/09
 ʓc \i,J1,É,1980/04/11
 单 u,J2,Ȗ,1980/05/04
 R{ pb,J2,b{,1980/06/26
  FL,J2,Ȗ,1980/06/27
  Y,J2,F{,1980/08/07
 ߔe a,J2,],1980/09/26
  N,J2,c,1980/10/18
  ,J1,F,1980/10/31
 tFiW[j,J3,,1981/01/13
 c }NX仉,J2,s,1981/04/24
  ,J2,lFC,1981/05/11
 c mj,J2,{,1981/05/28
  F,J2,,1981/07/25
  E,J1,Ya,1981/09/06
  ,J2,],1981/09/18
 k{ vmq,J1,_,1981/09/18
 R ,J2,,1981/09/22
 Oc Ɉ,J3,FC,1981/10/09
 Oc Ɉ,J1,FC,1981/10/09
 ߐ{ 嗺,J1,_,1981/10/10
 R l,J2,Qn,1981/12/04
  T,J3,Qn,1981/12/07
  E,J1,,1982/01/07
  El,J2,t,1982/03/12
  l,J1,É,1982/03/12
 Γ al,J3,,1982/04/01
 WFC,J1,Dy,1982/05/07
  ,J3,},1982/05/08
  O,J1,,1982/05/12
 v Ðl,J1,֓c,1982/06/09
  ,J2,c,1982/06/27
 xV Y,J2,V,1982/07/08
 c ,J2,{,1982/07/31
  l,J1,L,1982/08/09
 IV ,J1,,1982/09/05
  ,J2,F{,1982/09/28
 k MV,J3,,1982/10/04
 c B,J2,V,1982/11/27
 g G,J2,,1982/12/09
  ׍K,J1,G,1983/01/25
 c pY,J2,],1983/03/01
 c ˎj,J3,Hc,1983/04/13
 AbNX,J2,],1983/04/16
 F S,J3,,1983/05/03
 ؓ G,J3,Qn,1983/05/05
 o,J2,,1983/05/10
 { O,J2,Q,1983/05/17
 | j,J2,啪,1983/06/18
  Č,J2,Ȗ,1983/07/01
 pc ,J1,,1983/07/10
 ΟC mS,J2,s,1983/07/23
 cX ,J2,,1983/08/05
 ؓ O,J2,],1983/08/20
 Ah h~QX,J2,lFC,1983/08/24
 ЎR T,J2,F{,1983/09/08
 i I,J1,,1983/09/25
  ,J2,R`,1983/09/30
 ߓ ,J2,t,1983/10/03
  NG,J3,,1983/10/17
 WlC,J2,b{,1983/11/11
 Ah oCA,J1,Ó,1983/11/24
  ĕ,J2,b{,1983/12/01
 ԗ ^,J2,R,1983/12/08
 Y^,J1,Ya,1983/12/15
  ,J1,,1984/01/10
 s[^[ E^J,J2,,1984/02/12
 Ζ Ol,J3,,1984/03/02
 A 吢,J1,,1984/03/02
 d ,J1,,1984/03/09
 _B,J3,kB,1984/03/10
 tFih g[X,J1,,1984/03/20
 { ~,J1,G,1984/03/24
  M,J2,V,1984/04/05
  Ls,J3,,1984/04/27
 AhX CjGX^,J1,_,1984/05/11
  Y,J1,֓c,1984/05/14
 c ͗T,J3,,1984/05/16
 { Ym,J3,},1984/05/24
  ,J3,͌,1984/05/31
  T,J2,c,1984/06/16
 א ~,J2,,1984/06/24
 Wj[ I[j,J2,Ȗ,1984/06/30
 { h,J3,Hc,1984/07/21
 [ N,J2,c,1984/08/10
  Y,J2,R,1984/08/14
 Ό ,J1,,1984/08/14
 xC,J2,t,1984/08/20
  \G,J1,Dy,1984/08/24
  ,J2,V,1984/08/25
 H _,J2,t,1984/08/28
  W,J1,L,1984/08/28
 NH Xe,J1,,1984/09/11
  ,J1,,1984/09/21
 JV B,J3,͌,1984/10/03
  ~,J2,Q,1984/10/08
 ʗ r,J2,Q,1984/10/12
  ,J2,R`,1984/10/23
 J Ga,J1,,1984/11/06
 s Ďi,J2,],1984/11/18
 c ,J2,V,1984/11/20
 c ,J2,F{,1984/11/23
 Oc IC,J1,,1984/11/23
 n 卄,J2,],1984/12/03
  lY,J3,,1984/12/07
  a,J2,],1984/12/17
 ` \,J1,F,1985/01/04
 Lm,J3,,1985/01/04
  ,J2,],1985/01/05
 A FM,J2,,1985/01/11
 gD[I f ,J2,,1985/01/31
 Ah,J2,V,1985/02/12
 Ah,J1,V,1985/02/12
 R mL,J2,F{,1985/03/18
  D,J2,b{,1985/03/22
 r F,J3,kB,1985/03/27
 Lc z,J1,,1985/04/11
 {c ,J2,R`,1985/04/17
 tFz,J3,kB,1985/04/20
  ,J2,t,1985/04/22
  ,J3,Qn,1985/05/05
 }Z gXJ[m,J2,{,1985/05/12
  `,J1,,1985/05/14
 ic ,J2,],1985/05/17
 Co,J2,lFC,1985/05/21
 R{ l,J1,,1985/06/01
 [JX |hXL,J1,_,1985/06/04
 t aF,J1,L,1985/06/21
 e N,J3,͌,1985/06/30
 n ,J2,啪,1985/07/07
 c S,J1,F,1985/07/08
 uc _,J3,,1985/07/09
 R{ Cl,J2,lFC,1985/07/10
 ی ,J3,xR,1985/07/13
 V F,J2,R,1985/07/22
 c Y,J1,,1985/07/28
  T,J1,Dy,1985/07/29
 xTg x[V,J1,L,1985/07/29
 ɖg F,J1,_,1985/08/28
  S,J1,lFM,1985/09/01
 ͖{ TV,J2,{,1985/09/04
  W,J2,F{,1985/09/06
  ˕,J2,b{,1985/09/08
  ,J2,,1985/09/10
 { TM,J1,L,1985/09/12
 ΐ ,J1,Dy,1985/09/13
 ѓc ^P,J2,{,1985/09/15
  Ǒ,J1,Dy,1985/09/19
 Έ GT,J2,,1985/09/23
 R z,J3,V,1985/09/24
 R z,J2,V,1985/09/24
 c Gl,J3,,1985/11/08
  a,J2,Ȗ,1985/11/11
  SO,J1,,1985/11/15
 Õ ,J2,R`,1985/11/30
 L ^,J3,kB,1985/12/04
  cT,J3,,1985/12/07
  cL,J3,Hc,1985/12/10
 en ,J2,{,1985/12/16
  ,J1,Ya,1985/12/19
 Ҕ ^,J3,͌,1985/12/23
 I Vo,J1,,1985/12/24
 ֌ P[,J1,,1985/12/26
 lCc y`jN,J2,Ȗ,1986/01/03
 DJ \S,J2,,1986/01/07
 c T,J3,,1986/01/12
 OH ,J3,͌,1986/01/13
 OH P,J1,FC,1986/01/16
 c C,J2,b{,1986/02/03
 Gf },J2,b{,1986/02/05
  D,J2,t,1986/02/10
 ݑ G,J3,,1986/02/19
  Y,J2,{,1986/02/21
 R qO,J1,L,1986/02/22
  Y,J1,,1986/03/09
 㗢 ꏫ,J2,F{,1986/03/13
 yc ,J2,c,1986/03/16
  V,J2,{,1986/03/17
 g F,J3,,1986/03/19
  hq,J1,C,1986/03/28
 { N,J3,C,1986/04/02
 { N,J1,C,1986/04/02
 H S,J3,͌,1986/04/05
 Xe Ǒ,J1,Ya,1986/04/06
 c ,J2,lFC,1986/04/08
  S,J2,c,1986/04/14
 c T,J1,C,1986/04/14
  ,J1,,1986/04/16
  ,J2,,1986/04/16
 c r,J3,kB,1986/04/17
 VV[j,J2,,1986/04/22
  ,J2,,1986/05/02
 Óc mG,J3,,1986/05/06
 c Dl,J1,,1986/05/08
 c N,J2,R,1986/05/09
 X r,J1,֓c,1986/05/11
  ,J1,G,1986/05/12
  NT,J1,,1986/05/23
 ёq ,J1,lFM,1986/06/01
 ׊L G,J1,,1986/06/10
 ƒ ,J1,F,1986/06/13
 sq ,J1,Dy,1986/06/16
  ,J1,Ya,1986/06/18
 xc W,J1,,1986/06/20
  Dl,J1,F,1986/06/24
 JX }eBlX,J2,V,1986/06/27
 JtB  A s,J2,lFC,1986/07/18
 |c k,J2,,1986/07/27
  TO,J1,Ya,1986/07/31
  mY,J1,FC,1986/08/02
 W[j,J1,Dy,1986/08/05
 n ^,J1,_,1986/08/10
 剮 ,J2,,1986/08/13
 u[m yX,J2,R`,1986/08/19
  ,J2,F{,1986/08/30
 n m,J2,lFC,1986/09/01
  ˕,J2,V,1986/09/08
 㓡 \,J2,R,1986/09/08
 { a,J1,_,1986/09/14
 c ,J2,Q,1986/09/14
  ꐽ,J2,R,1986/09/14
 ≺ h,J2,,1986/09/24
 ㌴ T,J2,Q,1986/09/29
 J I,J2,s,1986/09/30
  ,J3,,1986/10/13
 rc \,J1,,1986/10/20
  W,J2,,1986/10/22
 Vg,J1,R,1986/11/16
 } n,J2,,1986/11/16
 Vg,J2,R,1986/11/16
 { qF,J1,֓c,1986/11/21
 쓇 n,J3,kB,1986/11/21
  ,J2,,1986/11/28
 n ,J2,lFC,1986/12/02
 gc ,J3,YSl,1986/12/03
 n L,J2,R,1986/12/04
 O Y,J2,{,1986/12/26
 ߐ{ ,J2,啪,1986/12/29
 NXeBA[m,J1,,1987/01/12
 ͌ a,J2,Q,1987/01/29
 yh WjI[,J1,,1987/01/29
 t O,J3,Qn,1987/02/09
 Jh TgX,J2,R,1987/02/13
 ~ i,J1,Ó,1987/02/23
  O,J2,],1987/02/25
  ~,J3,͌,1987/03/14
 W[,J1,É,1987/03/20
 TgX,J3,,1987/03/31
 Z E,J1,,1987/04/10
  m,J2,R,1987/04/12
  ,J3,,1987/04/15
 ɓ ,J2,R,1987/04/18
 R ͗T,J2,,1987/05/01
 J ,J2,{,1987/05/03
 DR MV,J2,t,1987/05/06
  m,J1,FC,1987/05/07
 r P,J2,Q,1987/05/11
  q,J1,Ya,1987/05/11
  ,J3,,1987/05/14
  _j,J3,,1987/05/15
 { p,J3,,1987/05/18
 n[ti[ }CN,J1,,1987/05/20
 Xd ^l,J1,FC,1987/05/21
 c ,J1,Ó,1987/06/02
 u[m lQE,J2,V,1987/06/03
  r,J2,,1987/06/08
 V u,J2,Ȗ,1987/06/13
 F Ga,J3,,1987/06/18
 c V,J1,_,1987/06/22
 X ֓l,J2,F{,1987/06/23
  ĕ,J2,,1987/06/25
 ˔ a,J1,,1987/06/30
 J I,J1,,1987/07/05
 L Wq,J1,C,1987/07/06
 JCI,J2,s,1987/07/06
 n ,J1,_,1987/07/07
  G,J2,啪,1987/07/10
 H z,J1,Ó,1987/07/11
 vq `_,J3,,1987/07/12
  D,J2,{,1987/07/13
 c ,J1,_,1987/07/15
 疾 T,J3,͌,1987/07/19
 c G,J1,FC,1987/07/23
 v ,J2,s,1987/07/26
  D,J1,L,1987/07/28
 쎛 B,J3,kB,1987/08/04
  Ȏi,J2,,1987/08/07
  tN,J2,c,1987/08/19
 |d F,J2,Ȗ,1987/08/21
 R{ ^,J2,t,1987/08/24
 _ ,J2,R`,1987/08/27
 _ ,J1,R`,1987/08/27
  ,J1,,1987/08/28
 ޗǗ Y,J2,V,1987/08/29
 X,J2,FC,1987/09/11
 X,J1,FC,1987/09/11
  I,J1,F,1987/09/23
 c y,J1,C,1987/10/04
 ؑ Su,J2,,1987/10/05
 ͓c W,J2,b{,1987/10/13
  Gl,J1,,1987/10/17
 pgbN,J1,L,1987/10/26
 { ^,J2,Ȗ,1987/10/27
 ɓ r,J2,F{,1987/10/29
 y XW,J2,lFC,1987/11/03
 R B,J1,C,1987/11/07
 hEOX BGC,J2,V,1987/11/12
  ,J3,Qn,1987/11/17
 g ,J2,R,1987/11/18
  ,J3,kB,1987/12/04
 c T,J2,,1987/12/04
  n,J1,,1987/12/05
 OR ,J3,Hc,1987/12/10
  a,J2,],1987/12/15
  z,J1,Ya,1987/12/15
 c ,J2,V,1987/12/20
 Rc K,J3,Hc,1987/12/26
  ,J2,R`,1987/12/28
 hEOX,J1,,1987/12/30
 O ai,J2,啪,1988/01/13
 Ac mN,J2,F{,1988/01/29
 M,J1,֓c,1988/02/05
 EFg,J1,_,1988/02/11
  I,J3,,1988/02/13
 Ԕ ,J3,,1988/02/15
  Mu,J3,,1988/02/15
 R N,J2,R,1988/02/22
 { ,J2,啪,1988/02/25
 \EU,J1,C,1988/03/08
 V ,J3,YSl,1988/03/09
 c w,J3,,1988/03/15
 F_ F,J1,Ya,1988/03/23
 c Đl,J1,,1988/03/27
  N,J1,,1988/04/07
 O M,J2,Q,1988/04/14
 哇 O,J3,,1988/04/14
  吶,J2,b{,1988/04/18
  ,J2,,1988/04/18
 g{ ꌪ,J3,,1988/04/24
 g{ ꌪ,J2,,1988/04/24
  ,J3,Qn,1988/05/01
 X{ MK,J2,,1988/05/07
 { S,J2,R,1988/05/11
 đq PM,J3,G,1988/05/17
 đq PM,J1,G,1988/05/17
  ,J1,,1988/05/17
  L,J2,{,1988/05/24
  r,J3,,1988/06/02
 i ,J1,,1988/06/04
 IX},J3,C,1988/06/05
 IX},J1,C,1988/06/05
 eB[V,J1,L,1988/06/06
 R ,J2,R,1988/06/12
  ,J3,Qn,1988/06/15
  Tl,J2,,1988/06/19
 c ^,J2,lFC,1988/06/26
 | l,J3,},1988/06/29
 R O,J1,Ó,1988/07/08
  m,J3,kB,1988/07/09
 c pY,J2,lFC,1988/07/11
 ɓ ,J1,lFM,1988/07/24
 E[S BGC,J1,lFM,1988/07/25
 rx ,J2,],1988/07/31
 O r,J1,_,1988/08/02
 }{ YY,J3,,1988/08/06
 X V,J2,c,1988/08/14
  P,J2,Q,1988/08/21
 QbN,J1,É,1988/08/22
 V T,J3,,1988/08/23
  x,J1,G,1988/08/25
 GXNf ,J2,s,1988/09/01
  pw,J2,b{,1988/09/01
  Dg,J3,,1988/09/05
  ,J2,c,1988/09/07
 c ,J3,,1988/09/09
 XJ Y,J1,F,1988/09/21
 vؓc a,J3,Qn,1988/09/24
 v T,J3,͌,1988/09/26
 c V,J1,Ó,1988/09/28
  ,J2,t,1988/10/06
 c a,J1,,1988/10/07
  TI,J1,É,1988/10/18
  ,J3,},1988/10/23
 GhDAh lbg,J1,É,1988/10/24
 쐼 đ,J2,啪,1988/10/28
 J A[AWX[,J1,É,1988/10/29
 V ͑,J1,F,1988/11/01
  Y,J1,Ya,1988/11/07
 } Vj,J2,{,1988/11/21
 ꎓ a,J2,R,1988/11/21
  \,J2,s,1988/11/25
 qc H,J1,G,1988/11/26
 { n,J3,,1988/11/27
 t AP,J1,G,1988/11/28
 Y ,J1,֓c,1988/12/21
 J O,J3,},1988/12/22
 y N,J3,,1988/12/24
 hDV,J1,lFM,1988/12/24
 Rc L,J1,֓c,1988/12/27
 fB oCX,J1,,1988/12/28
 TGt,J1,֓c,1989/01/02
 Jon,J2,,1989/01/08
 Y ,J2,,1989/01/11
  ,J2,lFC,1989/01/19
  FI,J2,,1989/01/19
  ,J2,,1989/01/20
 pE[j,J2,{,1989/01/26
 { ,J3,Hc,1989/02/06
  x,J3,Qn,1989/02/09
  ,J1,,1989/02/16
 t@rI,J1,G,1989/02/28
 Li ꐶ,J3,,1989/03/03
 c C,J1,,1989/03/03
 i C,J1,FC,1989/03/05
 R ,J1,,1989/03/14
  hC,J3,xR,1989/03/20
 c ,J2,{,1989/03/21
  i,J3,xR,1989/03/27
  ,J2,F{,1989/03/30
 O ^,J2,R,1989/03/30
 z[V,J1,É,1989/04/01
  O,J3,kB,1989/04/03
 c ,J3,},1989/04/05
 J KP,J2,V,1989/04/08
  ȑ,J2,V,1989/04/17
 n ,J2,{,1989/04/19
 rNg,J2,,1989/04/21
  ,J2,,1989/04/22
  đ,J3,kB,1989/04/24
 c ĕ,J3,Qn,1989/04/29
  q,J2,b{,1989/04/30
 i S,J3,,1989/05/02
 | m,J2,R,1989/05/02
 xc G,J3,Hc,1989/05/12
  x,J2,啪,1989/05/22
  ,J1,_,1989/05/26
 ےJ ,J2,啪,1989/05/30
  T,J2,c,1989/05/30
 wCX,J1,Dy,1989/06/06
  P,J1,,1989/06/14
 ێR Ss,J1,É,1989/06/16
 hQX,J2,t,1989/06/25
 c t,J3,,1989/06/27
 t@ \bR,J1,,1989/06/27
 {V T,J1,Dy,1989/06/28
 c ,J1,,1989/06/29
  ,J3,kB,1989/06/30
  _V,J1,F,1989/07/05
  ,J2,R,1989/07/06
 { ,J2,啪,1989/07/15
  e,J2,啪,1989/07/16
  ,J2,{,1989/07/19
 ዷ u,J2,V,1989/07/24
  Fi,J2,c,1989/07/25
 R s,J3,YSl,1989/07/25
  SO,J2,{,1989/07/28
  ,J3,s,1989/07/31
  W,J2,F{,1989/07/31
  a,J1,Ó,1989/08/04
 ͈ z,J1,,1989/08/04
 n yX,J1,,1989/08/07
 N ,J1,֓c,1989/08/11
 W ,J1,,1989/08/14
  M,J1,,1989/08/17
 { ,J2,啪,1989/08/19
 tC,J1,,1989/08/21
 wjL,J2,Ȗ,1989/09/08
  I,J2,F{,1989/09/12
  G,J2,啪,1989/09/12
 Yc ,J2,{,1989/09/13
 i x,J2,s,1989/09/14
  ,J1,Ya,1989/09/16
 IBG u},J1,lFM,1989/09/17
 v ,J3,FC,1989/09/18
 v ,J1,FC,1989/09/18
 J S,J1,,1989/09/23
  ,J2,R,1989/09/25
 c ,J2,R`,1989/10/02
 X ,J1,L,1989/10/02
 c ,J1,R`,1989/10/02
 ~ P,J3,͌,1989/10/05
 L {M,J1,,1989/10/06
 얔 ,J1,֓c,1989/10/14
  m,J1,,1989/10/24
 R{ NT,J1,֓c,1989/10/29
 AbNX [,J2,V,1989/11/10
 Ԉ ,J3,kB,1989/11/10
  Ok,J1,C,1989/11/12
 㕟 l,J2,V,1989/11/17
 ѓ ,J2,Q,1989/11/21
 Rc ,J2,R`,1989/11/25
 ֌ ,J2,,1989/11/26
 GEV[j,J1,F,1989/11/30
 R a,J1,C,1989/12/02
 pE,J2,Ȗ,1989/12/04
 O I,J2,{,1989/12/10
 ܗ ~,J3,,1989/12/13
 ` E,J1,_,1989/12/14
  ,J3,kB,1989/12/16
 c ^l,J2,t,1989/12/19
 p \,J3,,1989/12/22
 c b,J2,,1989/12/26
 c ,J3,,1989/12/30
 { ,J3,},1989/12/31
 `J jN,J1,C,1990/01/03
 I WF\N,J1,G,1990/01/04
 ֌ ,J2,R,1990/01/07
 c N,J1,É,1990/01/08
 Β ,J2,,1990/01/15
 k CG,J3,͌,1990/01/27
  vj,J1,É,1990/02/05
 eB[g,J1,_,1990/02/06
  \M,J1,,1990/02/13
 gc L,J1,,1990/02/17
 { ,J3,,1990/02/19
  c,J3,Hc,1990/02/19
  G,J1,C,1990/02/22
 R N,J3,,1990/03/04
  ,J2,{,1990/03/07
 I~lC,J2,,1990/03/10
  S,J1,lFM,1990/03/24
 t@uVI,J1,Ya,1990/03/28
  G,J2,lFC,1990/03/29
 ͖ LM,J1,,1990/03/30
 ݓc al,J2,R,1990/04/03
 ݓc ĕ,J2,啪,1990/04/03
 V w,J1,F,1990/04/04
 c ,J1,FC,1990/04/06
 c ,J3,FC,1990/04/06
 zq ,J3,},1990/04/07
  ĕ,J3,͌,1990/04/11
  LN,J2,,1990/04/17
 xc Nm,J3,,1990/04/18
 hDhD,J2,,1990/04/21
 x I,J3,,1990/04/21
  a,J2,R,1990/04/25
 ⟺ Ǒ,J3,},1990/04/26
 c Tl,J2,Q,1990/04/26
  s,J1,_,1990/05/04
 H sl,J1,L,1990/05/06
 tFy AExX,J2,R`,1990/05/06
  qL,J2,V,1990/05/10
  x,J1,G,1990/05/17
  x,J3,G,1990/05/17
 _c P,J2,R,1990/05/18
 rNg Co{,J1,,1990/05/19
  r,J2,F{,1990/05/22
  rY,J2,b{,1990/05/28
 tFy VEo,J1,L,1990/05/28
  ,J2,Ȗ,1990/05/31
 [ m,J1,Ó,1990/05/31
 i^ qxC,J1,,1990/06/02
  Lj,J2,R`,1990/06/04
 n ^,J3,},1990/06/07
 fBGS IFC,J1,FC,1990/06/22
 { m,J2,{,1990/06/29
 V ,J1,֓c,1990/07/02
 Rc P,J1,Ya,1990/07/04
  c,J1,FC,1990/07/20
 I{ F,J1,,1990/07/20
 c \,J2,,1990/07/24
 ac ,J1,L,1990/07/28
 c B,J2,{,1990/08/03
  E,J2,b{,1990/08/10
  đ,J3,,1990/08/11
  Di,J2,lFC,1990/09/01
 X a,J3,,1990/09/02
 ۋ S,J1,C,1990/09/02
  ,J2,V,1990/09/05
  [F,J1,,1990/09/13
 Oc [M,J1,_,1990/09/14
  ,J1,{,1990/09/16
  ,J2,{,1990/09/16
 c YS,J2,s,1990/09/22
 x F,J1,Ya,1990/09/23
  aO,J2,b{,1990/09/28
 vx ,J3,Hc,1990/09/29
 L XM,J1,_,1990/09/30
 s b,J3,Qn,1990/10/03
 Rc ,J3,Hc,1990/10/05
 R u,J1,C,1990/10/06
  Gl,J3,,1990/10/29
  D,J2,V,1990/10/29
 V ,J2,b{,1990/11/03
  ,J3,,1990/11/04
 o ,J1,F,1990/11/13
 t@},J1,,1990/11/17
  B,J2,R`,1990/11/19
 { ,J2,R`,1990/11/21
 J~XL[,J1,֓c,1990/11/26
 唗 ,J3,},1990/11/27
 c ,J1,,1990/11/28
 ZW[j,J2,{,1990/12/03
 Ė{ i,J3,FC,1990/12/03
 Ė{ i,J1,FC,1990/12/03
 A_CEg,J1,֓c,1990/12/06
 IR ,J2,R`,1990/12/08
 xR M,J2,{,1990/12/26
 V m,J2,s,1990/12/31
 { E,J2,s,1991/01/02
 A XeomBb`,J1,Ó,1991/01/07
 c q,J3,Hc,1991/01/10
  q,J2,c,1991/01/13
 ~b`F f[N,J1,,1991/01/18
 { j,J2,s,1991/01/19
  ,J3,Hc,1991/01/28
 }eC jb`,J1,C,1991/01/29
 є N,J1,,1991/01/30
 c ,J2,{,1991/01/30
 q L,J2,,1991/02/02
 r W{,J2,b{,1991/02/05
  h,J2,V,1991/02/08
 J ,J3,,1991/02/16
 X P,J3,xR,1991/02/19
 wh mj,J2,t,1991/02/27
 }eBmX,J1,Ya,1991/03/07
 | ,J1,,1991/03/08
 n ,J3,},1991/03/11
 c ׎m,J1,֓c,1991/03/16
 鑺 ,J1,,1991/03/16
 鑺 ,J2,,1991/03/16
 vx Ǖ,J2,Ȗ,1991/03/19
  ,J2,t,1991/03/20
  ~,J2,R,1991/04/02
 c ,J2,t,1991/04/02
  N,J2,Ȗ,1991/04/04
 Ec ,J2,b{,1991/04/08
 R Yo,J2,F{,1991/04/11
 { ,J3,,1991/04/11
  K^,J3,YSl,1991/04/11
 er ,J1,Ya,1991/04/12
 d Y,J2,],1991/04/15
 쑺 P,J2,lFC,1991/04/17
  s,J3,,1991/04/18
  M,J1,L,1991/04/20
  N,J2,,1991/04/23
  ,J2,V,1991/05/07
 × ,J1,,1991/05/11
 i ,J2,{,1991/05/23
 Gxg,J2,t,1991/05/23
 Óc K,J3,Hc,1991/05/23
  I,J2,lFC,1991/05/25
  rK,J1,C,1991/05/25
 Vc ,J1,,1991/05/26
  I,J3,Qn,1991/05/26
 r VBb`,J2,{,1991/05/29
 c z,J2,{,1991/05/30
 C WF,J2,R,1991/06/08
 TG AExX,J3,͌,1991/06/14
  G,J3,Qn,1991/06/19
  a,J3,YSl,1991/06/19
 ~ a,J3,,1991/06/21
 nn a,J1,L,1991/06/23
 C Wqv,J1,Ó,1991/06/24
 X ,J2,R,1991/07/02
 ㌴ Y,J2,F{,1991/07/08
 ΐ rP,J1,Ó,1991/07/10
 J ,J1,F,1991/07/15
 o ,J3,,1991/07/18
 V ,J1,lFM,1991/07/19
  OY,J2,,1991/07/20
  Y,J2,t,1991/07/20
 c LS,J2,],1991/07/20
 c ,J2,,1991/07/24
 c ,J1,C,1991/07/24
  Tk,J2,,1991/07/26
 J S,J2,F{,1991/07/27
  ,J3,,1991/08/02
  扛,J2,_,1991/08/07
  扛,J1,_,1991/08/07
  fC,J1,,1991/08/10
  V,J3,,1991/08/18
  R,J3,kB,1991/08/28
  G,J1,F,1991/09/01
 ㏼ l,J3,,1991/09/12
 CA f t[X,J2,,1991/09/14
 ke ,J3,YSl,1991/09/15
 Lc ,J2,Q,1991/09/23
  c,J2,{,1991/09/23
 ` qX,J1,FC,1991/09/28
  Il,J2,,1991/09/28
 _ ,J3,},1991/10/03
 ˓ ,J2,lFC,1991/10/04
 en r,J1,Ó,1991/10/04
  MG,J1,lFM,1991/10/05
 F C,J2,F{,1991/10/09
 Ŗ Lu,J3,xR,1991/10/15
  M,J1,֓c,1991/10/16
  ˕,J1,֓c,1991/10/27
  ,J2,啪,1991/10/29
 O S,J3,Qn,1991/11/03
 O S,J1,Qn,1991/11/03
 B| E,J3,,1991/11/12
  ^O,J3,,1991/11/13
 R{ M,J2,{,1991/11/15
 ˍ OM,J2,c,1991/11/18
 ɍ k,J2,啪,1991/11/23
  DF,J2,F{,1991/11/25
 ЎR l,J1,C,1991/11/30
 V aP,J1,Ya,1991/12/16
 V m,J1,V,1991/12/17
 V m,J3,V,1991/12/17
 V m,J2,V,1991/12/17
  MK,J2,,1991/12/22
 ` ,J3,},1991/12/23
 _ ,J1,L,1991/12/25
  I,J2,,1991/12/25
 s D,J3,,1992/01/20
  h,J2,R,1992/01/31
 V~bg _jG,J1,,1992/02/03
 쓇 ,J3,kB,1992/02/04
 R ml,J2,R`,1992/02/06
 }EVI,J1,Ya,1992/02/06
 c B,J2,V,1992/02/08
  M,J1,C,1992/02/22
 L ~qN,J1,,1992/02/27
  CN,J1,lFM,1992/03/07
 L Ws,J2,,1992/03/09
 NX,J1,,1992/03/13
 }eBAX JZX,J2,s,1992/03/20
  Gu,J1,,1992/03/20
 ] ,J3,Hc,1992/03/22
 c ׋P,J2,,1992/03/24
 c \C,J2,F{,1992/03/29
 { ,J3,,1992/04/04
 ԉ aY,J1,F,1992/04/05
  D,J3,YSl,1992/04/12
  K,J3,,1992/04/16
 ߓ Mi,J2,Q,1992/04/26
  L,J3,,1992/04/27
 X WY,J1,FC,1992/04/28
 q j,J3,},1992/04/28
 k ,J2,lFC,1992/04/30
 c Wl,J1,,1992/05/01
 O z,J3,,1992/05/05
 { ׉E,J2,Ȗ,1992/05/05
 zw T[iX,J2,t,1992/05/06
  Č,J2,s,1992/05/08
  L,J3,,1992/05/12
 A sjFC,J2,V,1992/05/13
  l,J2,R,1992/05/16
 OY P,J1,֓c,1992/05/17
 y ^,J1,,1992/05/21
 ͒ ǈ,J3,,1992/05/22
  S,J3,Qn,1992/05/26
 J lY,J3,xR,1992/05/28
 @ d,J3,YSl,1992/05/29
 ] C,J1,,1992/05/31
  P,J1,Dy,1992/06/06
 ~ MG,J2,,1992/06/08
 c B,J2,F{,1992/06/09
 c ɐl,J2,R,1992/06/11
 x n,J1,,1992/06/14
 { ,J1,Ó,1992/06/18
  l,J3,Hc,1992/06/23
 L ,J2,V,1992/06/26
 X z,J3,xR,1992/07/02
  EC,J1,,1992/07/02
 V ,J2,Ȗ,1992/07/14
  cN,J1,Ó,1992/07/14
 p ,J3,,1992/07/18
 c mC,J3,Qn,1992/07/18
 A Y,J2,R,1992/07/23
  ēl,J3,YSl,1992/07/24
  Pl,J1,lFM,1992/07/27
  Y,J2,啪,1992/07/27
  L,J3,,1992/07/27
 㓡 ,J3,YSl,1992/07/29
  Gm,J2,t,1992/07/30
 {g ,J1,Dy,1992/08/07
 c ,J2,Ȗ,1992/08/07
 V ͐l,J3,,1992/08/10
  C,J3,Qn,1992/08/11
 { ,J3,,1992/08/18
  T,J2,lFC,1992/08/20
 y l,J3,YSl,1992/08/23
  TY,J2,{,1992/08/23
 t@ EBW,J1,G,1992/08/28
 X ,J2,啪,1992/08/29
 c F,J3,,1992/09/10
  `X,J2,啪,1992/09/11
 팳 G^,J3,xR,1992/09/12
 ɓ D,J2,V,1992/09/18
 ͓c ďG,J2,V,1992/09/18
 R ,J2,Ó,1992/09/20
 R ,J1,Ó,1992/09/20
 ` m,J2,Ȗ,1992/09/25
 ΐ d,J2,Ȗ,1992/09/30
 WF\ rGC,J2,R,1992/10/04
 c TM,J3,,1992/10/05
 HR Mk,J3,},1992/10/07
  ēo,J2,F{,1992/10/16
 ɓ l,J2,,1992/10/18
 gc Il,J2,Q,1992/10/20
 J qI,J3,,1992/10/22
 y ,J3,,1992/10/23
 g_ ɕ,J2,c,1992/10/24
 | ,J3,xR,1992/10/30
  镟,J2,{,1992/11/09
 Ό ,J2,{,1992/11/17
 { E,J1,C,1992/11/18
  @,J1,,1992/11/20
 c F,J2,R`,1992/11/22
 啐 s,J2,V,1992/11/24
  ,J2,,1992/11/25
  ,J1,,1992/11/25
 Z ,J2,Q,1992/12/07
  PN,J2,V,1992/12/09
 J{,J3,,1992/12/10
 q ,J1,,1992/12/11
 }j,J2,,1992/12/11
 i i,J3,xR,1992/12/12
 x EP,J2,b{,1992/12/13
 X Wl,J1,Dy,1992/12/16
 Ah[ ioEg,J1,Ya,1992/12/17
  ,J3,,1992/12/18
  T,J1,,1992/12/22
 WC hQX,J2,R`,1992/12/31
  ~,J3,xR,1993/01/03
 X T,J2,],1993/01/07
 哇 ,J1,F,1993/01/23
 c P,J3,,1993/01/27
  q,J2,R`,1993/01/29
 X L^,J3,,1993/02/01
  q,J1,Ya,1993/02/09
  I,J1,É,1993/02/12
  ,J1,lFM,1993/02/16
 l ,J2,,1993/02/17
 g ,J2,R,1993/02/21
  Ñ,J1,,1993/02/24
 ɓ ,J1,,1993/03/09
 ˓ ,J3,xR,1993/03/12
  ,J2,,1993/03/14
 OV bC,J3,,1993/03/21
 { CC,J3,,1993/03/22
 c ,J3,,1993/03/29
 V b,J2,,1993/03/31
  n,J3,Hc,1993/04/06
 [R ,J2,V,1993/04/09
  S,J1,,1993/04/11
  ,J3,kB,1993/04/14
  G,J2,,1993/04/16
 WjI[ ozX,J2,b{,1993/04/19
 OS C,J2,R`,1993/04/19
 R ,J1,lFM,1993/04/20
 r n,J1,Dy,1993/04/20
 쐣 N,J1,G,1993/04/22
 쐣 N,J2,G,1993/04/22
 㓡 D,J2,啪,1993/04/23
 J B,J3,,1993/04/25
 GhDAh,J1,F,1993/04/27
 c ,J2,Ȗ,1993/05/01
  ו,J3,},1993/05/04
 K uLl,J1,,1993/05/04
 Rz N,J2,{,1993/05/04
  Gm,J2,R`,1993/05/05
 QA,J2,t,1993/05/10
  q,J1,,1993/05/12
 Ah,J1,,1993/05/12
  a,J3,xR,1993/05/18
  ,J1,,1993/05/18
 @ ,J3,,1993/05/20
 {{ ,J2,,1993/05/21
 OK G,J2,R,1993/05/23
 T Ȏj,J1,,1993/05/28
 { m,J2,,1993/06/01
  m,J3,},1993/06/01
 Vn ,J3,Hc,1993/06/04
 FJ Ah[,J2,t,1993/06/06
 { ,J2,啪,1993/06/07
  qV,J3,,1993/06/10
 cK ,J2,,1993/06/11
 c n,J2,,1993/06/14
 C WE,J2,F{,1993/06/15
 c n,J1,,1993/06/16
 v D,J2,F{,1993/06/23
 Έ ,J3,,1993/06/24
 n 吶,J1,L,1993/06/25
 g Dl,J3,xR,1993/06/28
 t Cy,J3,xR,1993/06/29
  c,J1,,1993/06/30
 J KS,J3,,1993/07/01
  n,J2,R`,1993/07/02
  B,J3,,1993/07/08
 AbNX,J3,,1993/07/08
 KuG VrG,J1,É,1993/07/15
  ,J1,Ó,1993/07/16
 A@ hQX,J2,R`,1993/07/19
 V C,J3,,1993/07/19
  ,J2,,1993/07/22
 R K,J2,c,1993/07/28
  ꕽ,J3,,1993/07/31
  đ,J2,Ȗ,1993/08/03
 ؖ{ ,J1,C,1993/08/06
  D,J3,,1993/08/06
  GC,J3,,1993/08/08
 x~ h^,J1,FC,1993/08/10
 x~ h^,J3,FC,1993/08/10
 { l,J1,FC,1993/08/16
  ,J1,,1993/08/18
 jEh,J3,,1993/08/23
 דc M,J2,t,1993/08/24
 R S,J2,,1993/08/29
  c,J2,,1993/09/02
 ɓ Kq,J1,,1993/09/03
  M,J3,G,1993/09/14
 O MV,J2,R,1993/09/16
  _N,J3,Hc,1993/09/18
 ޗ ,J1,F,1993/09/19
  W,J2,c,1993/09/25
 ͍ Gl,J3,,1993/10/01
 J D,J2,Ȗ,1993/10/05
 J a,J2,Ȗ,1993/10/05
 `ieBbv,J1,Dy,1993/10/05
 V ,J3,C,1993/10/08
 V l,J2,b{,1993/10/10
 c pE~,J2,,1993/10/23
 v Cs,J3,,1993/11/05
 a i,J1,É,1993/11/06
 V s,J1,É,1993/11/08
 mO YN,J3,,1993/11/19
 L ~e,J1,Dy,1993/11/26
  Yl,J1,F,1993/12/07
 R ,J1,Ó,1993/12/22
  ,J2,,1994/01/02
 e{ W,J3,xR,1994/01/08
  ,J2,R`,1994/01/08
 Af~E\,J1,G,1994/01/09
 \ Wt,J2,V,1994/01/13
  T,J1,,1994/01/18
  T,J3,,1994/01/18
 `F LxbN,J1,,1994/01/23
 { ,J2,Q,1994/02/03
  S,J1,,1994/02/07
  ,J3,G,1994/02/10
 䓛 ,J2,,1994/02/10
  ,J1,,1994/02/11
 r ,J1,֓c,1994/02/17
  x,J2,R`,1994/02/24
 _rh ouXL[,J1,lFM,1994/03/01
  M,J1,_,1994/03/03
 J ,J1,F,1994/03/07
 X ,J3,,1994/03/08
 o y,J3,G,1994/03/25
 o y,J1,G,1994/03/25
 ` Xq,J1,,1994/04/03
 c ,J2,R,1994/04/04
 X u,J1,,1994/04/04
 k 叧,J3,YSl,1994/04/04
  ,J3,͌,1994/04/05
  ,J1,FC,1994/04/05
 Oc ,J3,kB,1994/04/09
 pN WX,J1,,1994/04/12
  V,J3,,1994/04/14
 ] yX,J2,s,1994/04/16
 i T,J3,͌,1994/04/16
 {n M,J3,,1994/04/17
 R qj,J3,Hc,1994/04/23
  ,J3,,1994/04/26
 Oc C,J2,啪,1994/04/27
 ~V fQlN,J1,lFM,1994/04/28
 ꎓ ,J3,},1994/04/30
  N,J1,Dy,1994/05/01
 ͖ ,J2,{,1994/05/03
  ,J3,,1994/05/12
  ,J2,Q,1994/05/17
  ,J1,,1994/05/19
 i El,J2,,1994/05/22
  I,J2,V,1994/05/24
 ؑ T,J3,xR,1994/06/03
 Óc xl,J1,,1994/06/06
 V l,J3,,1994/06/14
  ,J3,,1994/06/15
  ȕ,J2,b{,1994/06/16
 OH ,J2,Q,1994/06/18
 g ,J1,Ya,1994/06/18
 ac B,J2,Ȗ,1994/06/21
  琒,J2,V,1994/06/22
  k,J3,,1994/06/23
  Gl,J3,,1994/06/25
 N \,J1,Dy,1994/06/27
 X ,J3,kB,1994/07/04
  ,J3,,1994/07/11
 c ,J3,Qn,1994/07/14
 ː FP,J2,R,1994/07/16
 O G,J3,,1994/07/18
 a Yu,J2,t,1994/07/20
  u,J3,,1994/07/28
 OR ,J2,,1994/07/29
 { F,J3,͌,1994/07/31
  aG,J2,b{,1994/08/02
  an,J2,R,1994/08/05
  a,J1,,1994/08/07
  ,J3,,1994/08/14
 V pV,J2,Q,1994/08/15
 Č S,J3,͌,1994/08/18
 c ,J1,lFM,1994/08/23
 HR ,J2,b{,1994/08/26
 ]c ,J2,b{,1994/08/29
  LY,J2,啪,1994/08/31
 ѓc Mh,J1,,1994/08/31
  ,J3,,1994/09/09
 x Il,J2,V,1994/09/09
 { x,J3,,1994/09/10
  Ֆ,J3,,1994/09/11
 }eEX,J2,{,1994/09/11
 _c ,J2,Q,1994/09/14
 R Y,J3,,1994/09/18
  qM,J3,,1994/09/19
 Ζ G,J1,,1994/09/21
 WGS,J2,b{,1994/09/22
 { S,J2,,1994/09/24
 Wj[j,J2,s,1994/09/26
  ,J2,c,1994/09/27
 c W,J3,YSl,1994/10/01
 Rc V,J3,FC,1994/10/01
 X r,J2,V,1994/10/04
 xc ,J3,,1994/10/05
 H ,J1,Ó,1994/10/08
 R Y,J2,,1994/10/16
 c Cl,J3,Hc,1994/10/17
  ,J2,F{,1994/10/18
 o I,J2,b{,1994/10/20
  S,J1,Ó,1994/10/23
 Ac ,J1,,1994/10/24
 i ,J2,R,1994/10/24
  ,J3,kB,1994/10/25
 [ B,J3,͌,1994/10/31
 b Y,J3,,1994/11/01
  l,J1,,1994/11/03
 r ,J2,R,1994/11/06
 i ,J3,xR,1994/11/06
 WF Wuj A,J3,YSl,1994/11/07
 g ,J1,L,1994/11/08
 V ,J2,lFC,1994/11/12
  ,J2,b{,1994/11/13
 Oc P,J2,É,1994/11/17
 Oc P,J1,É,1994/11/17
 c ,J3,,1994/11/21
 Oc Il,J3,,1994/11/22
  s,J2,s,1994/12/06
  P,J3,},1994/12/08
 c ,J3,,1994/12/18
 gc ,J3,Qn,1994/12/20
 ͖ ȗS,J3,YSl,1994/12/24
  CX,J2,,1994/12/28
 哪 [,J2,s,1994/12/29
  ,J3,,1994/12/30
  TM,J3,Qn,1995/01/03
 GE[,J2,,1995/01/04
 i ,J1,,1995/01/15
  M,J2,],1995/01/17
 ] b,J2,s,1995/01/18
 Ë ,J1,_,1995/01/20
 Ë ,J2,_,1995/01/20
  l,J2,,1995/01/21
 { ,J1,֓c,1995/01/25
 J ,J3,,1995/01/26
 c đ,J3,,1995/02/04
 R j,J3,C,1995/02/09
 R j,J1,C,1995/02/09
  ,J1,,1995/02/23
  ˑ,J2,F{,1995/02/24
 `bL[j,J3,͌,1995/02/26
  q,J1,,1995/02/27
 W `O,J2,R,1995/03/01
 OY ,J1,G,1995/03/01
 \ ~,J2,],1995/03/11
 [ ,J1,Dy,1995/03/11
 Έ P,J3,,1995/03/15
 mO c,J1,F,1995/03/17
 [JX _Ex},J3,xR,1995/03/18
 CbyC VmdJ,J1,lFM,1995/03/20
 V l,J2,V,1995/04/03
  P,J3,FC,1995/04/06
  P,J1,FC,1995/04/06
 ї x,J2,,1995/04/10
 HR z,J1,É,1995/04/13
  c,J1,,1995/04/19
 W[C ,J1,,1995/04/19
 X El,J1,G,1995/04/21
 X El,J3,G,1995/04/21
  m,J2,s,1995/04/24
 k 䕽,J3,},1995/04/29
 c Tl,J2,,1995/04/29
 q đ,J1,,1995/05/02
 dA ,J2,s,1995/05/05
 R [,J2,{,1995/05/07
  \S,J1,Ó,1995/05/07
 R TM,J3,,1995/05/07
 c ,J2,s,1995/05/08
 C Wi,J2,t,1995/05/09
 c p,J1,F,1995/05/10
 WFtF\ oCA[m,J2,,1995/05/10
  O,J2,V,1995/05/11
 ^[X,J2,V,1995/05/18
  q,J3,,1995/05/30
 M ,J3,,1995/05/31
  KP,J1,,1995/05/31
 {s ,J3,,1995/06/01
 k Al,J2,R`,1995/06/01
 i V,J3,YSl,1995/06/04
 c Vn,J1,Ó,1995/06/11
  i,J3,},1995/06/20
 Έ \,J2,lFC,1995/06/22
 rJ F,J2,F{,1995/06/27
 ، ᩋM,J2,,1995/06/28
 ֐ ,J2,s,1995/06/28
  P,J2,{,1995/06/28
  F,J1,Ó,1995/07/03
  ,J3,,1995/07/03
  N,J2,R`,1995/07/03
 l l,J2,Ȗ,1995/07/05
 ac ,J3,,1995/07/05
 O l,J3,YSl,1995/07/07
  C,J2,b{,1995/07/08
  D,J3,,1995/07/17
 F{ Y,J2,R`,1995/07/18
  ,J1,֓c,1995/07/23
 O V,J2,,1995/08/01
  ,J3,C,1995/08/03
 n V,J2,V,1995/08/05
  s,J3,͌,1995/08/07
  ,J3,xR,1995/08/09
 `F WEH,J2,R,1995/08/16
 kJ jF,J2,,1995/08/18
 uGm,J2,,1995/08/24
  V,J2,V,1995/08/25
 r ,J1,,1995/08/29
 V ,J1,,1995/09/03
  z,J2,{,1995/09/07
 J Cl,J3,,1995/09/07
  x,J1,L,1995/09/08
  t,J3,kB,1995/09/09
  I,J3,,1995/09/12
  El,J3,,1995/09/14
 X{ M,J3,͌,1995/09/15
  YY,J3,YSl,1995/09/18
 { L,J2,F{,1995/09/20
 WGS,J2,,1995/09/21
 L l,J2,,1995/09/23
 Ð l,J3,͌,1995/09/23
 J P,J2,c,1995/09/24
 ˓ ˘Y,J2,V,1995/09/26
  in,J2,,1995/09/26
 | 扤,J3,,1995/10/04
  ,J2,R,1995/10/14
 㑺 ,J2,F{,1995/10/15
  ,J2,Ȗ,1995/10/24
  P,J2,c,1995/11/04
  ,J2,lFC,1995/11/04
 ēc ,J1,,1995/11/05
 IiCE ,J2,R,1995/11/08
 c ,J3,,1995/11/16
 c Y,J3,͌,1995/11/17
 O ,J2,,1995/11/20
 Č C,J1,Ya,1995/11/24
 i S,J3,},1995/11/29
 c TY,J2,{,1995/12/05
  J,J3,,1995/12/14
 x~ C,J3,,1995/12/18
  WqN,J3,͌,1995/12/20
 R _,J2,Q,1995/12/30
  ,J3,,1995/12/31
 ۉ ,J2,R,1996/01/06
 R ^,J1,,1996/01/17
  q,J3,kB,1996/01/18
 pN `j,J2,],1996/01/27
 ֊} Sm,J3,,1996/02/09
 W KuG,J3,͌,1996/02/12
 { Y,J2,,1996/02/12
 hJ {jtFCX,J2,,1996/02/15
 ~VG,J2,,1996/02/16
 i C,J3,C,1996/02/16
 ΐ n,J2,,1996/02/22
 c C,J2,b{,1996/02/23
  ,J3,FC,1996/02/23
 \ ,J1,Ó,1996/02/28
 y A,J2,c,1996/02/29
  s,J2,R,1996/02/29
  ,J1,É,1996/03/06
  C,J2,,1996/03/11
 R h,J2,R,1996/03/13
  mY,J2,],1996/03/20
 { a,J1,É,1996/03/22
 J iV,J1,É,1996/03/24
 { ,J1,_,1996/04/01
  ,J3,,1996/04/04
  N,J1,,1996/04/06
 O l,J1,,1996/04/16
  VY,J1,,1996/04/17
  ,J3,YSl,1996/04/25
  D,J1,,1996/04/26
  M,J2,t,1996/05/12
 q ,J3,͌,1996/05/22
 哇 N,J3,Qn,1996/05/30
 i C,J1,Dy,1996/06/07
 yc N,J2,s,1996/06/09
 Oc P,J3,,1996/06/11
 { 됒,J3,C,1996/06/11
 { 됒,J1,C,1996/06/11
 O ,J2,,1996/06/13
 {{ q,J2,,1996/06/19
 Γc Ð^,J2,,1996/06/21
 |{ P,J1,É,1996/06/21
 `Ebg,J3,C,1996/06/23
  s,J2,,1996/07/01
 i Ij,J2,,1996/07/12
 V ߈,J3,C,1996/07/20
 k q,J1,,1996/07/26
 wi,J2,R,1996/07/28
 X ,J2,],1996/07/28
  ,J3,G,1996/08/15
 ㌴ ͖,J1,֓c,1996/08/25
 hA ouXL[,J2,c,1996/08/29
  @,J1,,1996/08/30
  P,J1,G,1996/09/04
  P,J3,G,1996/09/04
 rc l,J2,Q,1996/09/17
  q,J2,,1996/09/17
  ,J2,,1996/09/23
 Ζ ͖,J2,Ya,1996/09/27
 P G,J2,啪,1996/09/27
 Ζ xC,J2,,1996/10/02
 n ,J2,V,1996/10/02
 ō đ,J3,,1996/10/19
  ^,J1,,1996/10/22
  xl,J2,Ȗ,1996/11/14
  Ȗ,J3,FC,1996/11/24
  Ȗ,J1,FC,1996/11/24
 勴 u,J2,,1996/12/01
  ,J3,C,1996/12/13
 J xl,J3,xR,1997/01/17
  叫,J2,V,1997/01/18
 WLbg,J3,FC,1997/01/26
 q ,J1,,1997/01/27
 R z,J1,_,1997/01/29
 Yc ,J3,kB,1997/01/29
 n ,J3,FC,1997/02/05
 R Y,J1,,1997/02/16
 n EI,J1,É,1997/02/25
  tl,J3,,1997/03/09
 OD N,J1,Dy,1997/03/26
 X lN,J2,c,1997/04/05
 c qP,J2,啪,1997/04/07
 bs F[],J3,FC,1997/04/07
  ,J2,V,1997/04/09
 }eEX,J1,G,1997/04/10
  m,J2,,1997/04/14
 V ,J3,xR,1997/04/14
  M,J2,c,1997/04/18
  ,J2,s,1997/04/22
 _J D,J2,Q,1997/04/24
 X i,J1,L,1997/04/25
  m,J3,,1997/04/27
 s ,J1,G,1997/05/08
 s ,J3,G,1997/05/08
 ] P,J3,,1997/05/13
 R{ @,J3,,1997/05/13
 Iih,J3,,1997/05/28
 X W,J2,b{,1997/06/13
  ,J3,,1997/06/14
 V C,J2,lFC,1997/06/16
 ŋ d,J1,,1997/06/20
 c o,J2,Ȗ,1997/07/09
  ,J3,G,1997/07/10
  ,J1,G,1997/07/10
 _c T,J2,,1997/07/14
 ݖ{ ,J2,,1997/07/16
  ,J2,lFC,1997/07/21
 c T,J3,G,1997/07/27
  ,J2,V,1997/08/03
  l,J3,G,1997/08/04
  M,J3,FC,1997/08/05
  q,J1,֓c,1997/08/08
 O m,J3,xR,1997/08/12
 c _,J1,,1997/08/25
 i T,J2,,1997/10/08
 Oc R,J2,{,1997/10/20
 J s,J1,_,1997/10/28
  x,J3,,1997/11/07
  ,J2,c,1997/11/09
  a,J1,G,1997/11/10
  a,J3,G,1997/11/10
  ,J3,,1997/11/13
 EH hDWF,J2,,1997/11/18
  k,J1,lFM,1997/11/22
 B[g KuG,J3,,1997/11/23
 c l,J1,,1997/11/27
 c ,J1,,1997/12/02
  ,J2,啪,1997/12/09
  ,J1,֓c,1997/12/13
 i ,J3,Qn,1997/12/25
 g ,J3,Hc,1998/01/05
 A WX,J3,,1998/01/28
  ~j,J2,,1998/02/04
 ɓ Y,J2,,1998/02/06
 { ,J2,,1998/02/17
  Cl,J2,R`,1998/02/19
 X ,J2,],1998/03/30
  WC,J3,xR,1998/04/08
 t ,J3,C,1998/04/13
 Rc ,J3,,1998/04/15
  Y,J2,,1998/04/18
  ,J2,R,1998/04/20
 Č G,J2,F{,1998/04/20
  Fm,J1,G,1998/04/20
  Fm,J3,G,1998/04/20
  GhIW qd,J3,xR,1998/04/21
  tt,J2,R,1998/05/02
 g ,J3,FC,1998/05/25
 c ,J3,FC,1998/06/02
 V P,J3,C,1998/06/02
 c ,J1,FC,1998/06/02
 q I,J1,,1998/06/03
 y X,J3,kB,1998/06/07
  Il,J2,s,1998/06/11
 H Y,J1,G,1998/06/18
 H Y,J3,G,1998/06/18
 c I,J1,,1998/06/21
 Cn  w[,J2,,1998/06/23
 ] 퉛,J3,G,1998/06/27
 ] 퉛,J1,G,1998/06/27
 g C,J1,lFM,1998/06/28
 [x ,J1,É,1998/06/29
 A ,J3,FC,1998/07/06
  ,J3,FC,1998/07/06
 c ,J2,],1998/07/06
 c H,J1,,1998/07/16
  PY,J2,V,1998/07/30
 q ,J3,YSl,1998/08/14
 { ׎u,J1,L,1998/08/22
 q B,J1,Ó,1998/08/28
  ,J1,Ó,1998/09/08
  P,J1,Dy,1998/09/10
 R ,J3,C,1998/09/11
  T,J1,FC,1998/10/10
  T,J3,FC,1998/10/10
 n ᩑ,J2,V,1998/10/18
 É z,J2,,1998/10/28
 X ,J3,C,1998/11/01
  ,J1,_,1998/11/21
  xl,J1,É,1998/12/03
 ꎓ ,J1,Ó,1999/01/10
 Ζ G,J3,C,1999/01/15
  T,J1,,1999/01/28
 R i,J3,C,1999/02/05
 c ,J1,,1999/02/11
 Ό L,J1,Ó,1999/02/26
  ,J2,,1999/03/06
 c N,J3,G,1999/04/04
 c N,J1,G,1999/04/04
  ,J2,,1999/04/07
 V ,J1,Ó,1999/04/14
  F,J3,C,1999/04/18
  D,J3,kB,1999/04/21
 J ,J2,,1999/04/21
 n ׊,J2,V,1999/04/22
 c ,J3,G,1999/05/03
  q,J3,FC,1999/05/05
  ,J1,Ya,1999/05/17
 R el,J2,t,1999/05/20
  F,J1,_,1999/06/10
  떾,J2,{,1999/06/16
 { ,J2,V,1999/07/01
 rc ,J3,,1999/07/08
 Rc N,J1,lFM,1999/07/10
  F,J2,R,1999/07/17
  G,J1,C,1999/07/19
  G,J3,C,1999/07/19
 ߐ{ rL,J3,,1999/07/20
 Ŗ{ @,J3,G,1999/07/22
  u,J2,{,1999/08/11
  [l,J3,,1999/08/20
  F,J2,],1999/08/27
 X ,J1,_,1999/09/17
  C,J2,R,1999/09/18
 ic l,J3,FC,1999/09/19
  zl,J3,G,1999/10/23
  ,J1,Ya,1999/11/23
 ጴ q,J2,s,1999/12/28
 R ,J3,G,2000/02/09
 Rc l,J3,C,2000/03/07
 R ,J3,FC,2000/04/10
  Dl,J3,C,2000/04/12
  ,J3,FC,2000/04/20
  ,J3,FC,2000/05/08
  ,J3,C,2000/05/17
 Δ É,J3,C,2000/05/18
  ,J3,C,2000/06/07
  T,J2,s,2000/06/27
  R,J1,É,2000/06/28
 c z,J3,C,2000/07/04
  ,J3,FC,2000/07/11
 Z WV,J3,FC,2000/07/12
  F,J1,_,2000/07/18
 c n,J2,,2000/07/22
  hl,J3,G,2000/07/28
  hl,J1,G,2000/07/28
 F z,J3,FC,2000/07/30
  q,J3,FC,2000/08/19
  u,J2,,2000/09/05
  ,J3,G,2000/09/06
  A,J2,Q,2000/10/11
 J W,J3,G,2000/11/22
 ㌎ sY,J2,s,2000/12/22
  v,J1,É,2001/01/17
  đ,J3,C,2001/05/02
  ,J3,C,2001/05/16
 v p,J3,FC,2001/06/04
 v p,J1,FC,2001/06/04
  ,J3,FC,2001/08/02
 ē B,J2,lFC,2001/08/10
 ؑ ,J3,FC,2001/08/24
 { ␶,J3,C,2001/09/04
 oO[iKf j},J3,FC,2001/09/24
