year_,category_,section_,date_,time_,hometeam_,score_,awayteam_,stadium_,visitors_,broadcast_
2018,ゼロックススーパーカップ ,None,02/10(土),13:35,川崎F,2-3,C大阪,埼玉,"41,803",日本テレビ系全国ネットにて生中継
2018,J1 ,第1節第1日,02/23(金),20:03,鳥栖,1-1,神戸,ベアスタ,"19,633",DAZN
2018,J1 ,第1節第2日,02/24(土),14:03,FC東京,1-1,浦和,味スタ,"35,951",DAZN/NHK BS1/TOKYO MX(録)
2018,J1 ,第1節第2日,02/24(土),14:03,広島,1-0,札幌,Eスタ,"17,026",DAZN/NHK広島/NHK札幌
2018,J1 ,第1節第2日,02/24(土),14:33,G大阪,2-3,名古屋,吹田S,"28,681",DAZN
2018,J1 ,第1節第2日,02/24(土),16:03,湘南,2-1,長崎,BMWス,"12,148",DAZN
2018,J1 ,第1節第3日,02/25(日),13:02,仙台,1-0,柏,ユアスタ,"15,655",DAZN/仙台放送
2018,J1 ,第1節第3日,02/25(日),13:03,清水,0-0,鹿島,アイスタ,"19,632",DAZN/テレビ静岡
2018,J1 ,第1節第3日,02/25(日),15:31,磐田,0-3,川崎F,エコパ,"31,375",DAZN/静岡朝日テレビ
2018,J1 ,第1節第3日,02/25(日),16:03,C大阪,1-1,横浜FM,ヤンマー,"23,049",DAZN
2018,J2 ,第1節第1日,02/25(日),13:04,福岡,2-0,岐阜,レベスタ,"12,856",DAZN/福岡放送(録)
2018,J2 ,第1節第1日,02/25(日),14:03,栃木,2-4,大分,栃木グ,"8,526",DAZN/とちぎテレビ(録)
2018,J2 ,第1節第1日,02/25(日),14:03,愛媛,1-2,金沢,ニンスタ,"3,439",DAZN/NHK松山/南海放送(録)
2018,J2 ,第1節第1日,02/25(日),14:03,東京V,2-1,千葉,味スタ,"9,400",DAZN
2018,J2 ,第1節第1日,02/25(日),14:03,讃岐,0-1,新潟,ピカスタ,"4,539",DAZN
2018,J2 ,第1節第1日,02/25(日),14:03,水戸,3-0,山形,Ksスタ,"7,858",DAZN
2018,J2 ,第1節第1日,02/25(日),14:03,横浜FC,0-0,松本,ニッパツ,"10,779",DAZN
2018,J2 ,第1節第1日,02/25(日),14:05,徳島,0-1,岡山,鳴門大塚,"8,753",DAZN/NHK徳島
2018,J2 ,第1節第1日,02/25(日),15:03,京都,0-2,町田,西京極,"6,225",DAZN/KBS京都(録)
2018,J2 ,第1節第1日,02/25(日),15:34,山口,4-1,熊本,みらスタ,"7,456",DAZN/山口朝日放送
2018,J2 ,第1節第1日,02/25(日),16:03,大宮,2-1,甲府,NACK,"11,777",DAZN/テレ玉
2018,J1 ,第2節第1日,03/02(金),19:03,川崎F,1-1,湘南,等々力,"22,475",DAZN
2018,J1 ,第2節第1日,03/02(金),19:03,C大阪,3-3,札幌,金鳥スタ,"10,415",DAZN
2018,J1 ,第2節第1日,03/02(金),19:33,柏,2-0,横浜FM,三協F柏,"10,659",DAZN
2018,J1 ,第2節第2日,03/03(土),14:03,名古屋,1-0,磐田,豊田ス,"38,916",DAZN/NHK名古屋
2018,J1 ,第2節第2日,03/03(土),15:03,FC東京,0-1,仙台,味スタ,"16,990",DAZN
2018,J1 ,第2節第2日,03/03(土),16:01,鹿島,1-0,G大阪,カシマ,"24,545",DAZN/NHK総合
2018,J1 ,第2節第2日,03/03(土),16:07,神戸,2-4,清水,ノエスタ,"24,058",DAZN/サンテレビ
2018,J1 ,第2節第2日,03/03(土),19:03,長崎,2-2,鳥栖,トラスタ,"14,125",DAZN/NHK BS1
2018,J2 ,第2節第1日,03/03(土),14:05,甲府,0-0,東京V,中銀スタ,"10,192",DAZN/山梨放送
2018,J2 ,第2節第1日,03/03(土),15:03,新潟,1-1,松本,デンカS,"22,465",DAZN/NHK新潟
2018,J2 ,第2節第1日,03/03(土),15:03,岐阜,0-1,横浜FC,長良川,"9,331",DAZN/岐阜放送(録)
2018,J2 ,第2節第1日,03/03(土),16:02,福岡,2-2,京都,レベスタ,"6,816",DAZN/NHK福岡/NHK京都
2018,J1 ,第2節第3日,03/04(日),16:04,浦和,1-2,広島,埼玉,"41,324",DAZN/テレ玉
2018,J2 ,第2節第2日,03/04(日),13:03,熊本,2-1,徳島,えがおS,"5,197",DAZN
2018,J2 ,第2節第2日,03/04(日),14:03,岡山,3-0,栃木,Cスタ,"9,291",DAZN/テレビせとうち
2018,J2 ,第2節第2日,03/04(日),14:04,金沢,0-1,讃岐,石川西部,"4,804",DAZN
2018,J2 ,第2節第2日,03/04(日),14:04,町田,3-2,大宮,町田,"8,839",DAZN
2018,J2 ,第2節第2日,03/04(日),14:10,千葉,0-0,水戸,フクアリ,"11,285",DAZN
2018,J2 ,第2節第2日,03/04(日),15:03,大分,2-2,山形,大銀ド,"9,024",DAZN/NHK大分
2018,J2 ,第2節第2日,03/04(日),15:04,山口,1-0,愛媛,みらスタ,"5,095",DAZN
2018,YLC グループステージAグループ,第1節第1日,03/07(水),19:03,仙台,1-1,新潟,ユアスタ,"6,508",スカパー!/スカパー!プレミアムサービス
2018,YLC グループステージAグループ,第1節第1日,03/07(水),19:34,横浜FM,1-0,FC東京,ニッパツ,"7,170",フジテレビNEXT/スカパー!/スカパー!プレミアムサービス
2018,YLC グループステージBグループ,第1節第1日,03/07(水),19:03,甲府,3-0,札幌,中銀スタ,"3,436",スカパー!/スカパー!プレミアムサービス
2018,YLC グループステージBグループ,第1節第1日,03/07(水),19:03,清水,1-0,磐田,アイスタ,"8,125",スカパー!/スカパー!プレミアムサービス
2018,YLC グループステージCグループ,第1節第1日,03/07(水),19:03,名古屋,1-4,浦和,パロ瑞穂,"9,491",フジテレビONE/スカパー!/スカパー!プレミアムサービス
2018,YLC グループステージCグループ,第1節第1日,03/07(水),19:03,G大阪,0-4,広島,吹田S,"10,058",スカパー!/スカパー!プレミアムサービス
2018,YLC グループステージDグループ,第1節第1日,03/07(水),19:03,湘南,1-0,鳥栖,BMWス,"5,987",スカパー!/スカパー!プレミアムサービス
2018,YLC グループステージDグループ,第1節第1日,03/07(水),19:03,神戸,2-2,長崎,ノエスタ,"4,881",スカパー!/スカパー!プレミアムサービス
2018,J3 ,第1節第1日,03/09(金),19:03,YS横浜,2-2,相模原,ニッパツ,"1,141",DAZN
2018,J1 ,第3節第1日,03/10(土),13:03,横浜FM,1-2,鳥栖,ニッパツ,"11,247",DAZN
2018,J1 ,第3節第1日,03/10(土),13:03,川崎F,2-0,G大阪,等々力,"22,520",DAZN
2018,J1 ,第3節第1日,03/10(土),14:02,仙台,1-1,神戸,ユアスタ,"14,270",DAZN/ミヤギテレビ/サンテレビ(録)
2018,J1 ,第3節第1日,03/10(土),14:03,長崎,1-1,浦和,トラスタ,"15,975",DAZN/長崎国際テレビ
2018,J1 ,第3節第1日,03/10(土),15:03,鹿島,0-1,広島,カシマ,"16,799",DAZN
2018,J1 ,第3節第1日,03/10(土),15:03,柏,1-1,C大阪,三協F柏,"11,091",DAZN
2018,J1 ,第3節第1日,03/10(土),15:03,磐田,2-0,FC東京,ヤマハ,"13,928",DAZN/静岡放送
2018,J1 ,第3節第1日,03/10(土),19:03,札幌,1-3,清水,札幌ド,"19,390",DAZN/NHK BS1
2018,J2 ,第3節第1日,03/10(土),16:03,大宮,0-1,徳島,NACK,"6,989",DAZN/テレ玉
2018,J3 ,第1節第2日,03/10(土),13:03,藤枝,1-0,長野,藤枝サ,"1,837",DAZN
2018,J3 ,第1節第2日,03/10(土),14:03,C大23,0-1,秋田,ヤンマー,"1,013",DAZN
2018,J1 ,第3節第2日,03/11(日),16:03,湘南,0-0,名古屋,BMWス,"12,465",DAZN
2018,J2 ,第3節第2日,03/11(日),13:03,熊本,1-2,山形,えがおS,"4,094",DAZN
2018,J2 ,第3節第2日,03/11(日),14:03,千葉,2-3,岐阜,フクアリ,"8,845",DAZN
2018,J2 ,第3節第2日,03/11(日),14:03,栃木,2-5,山口,栃木グ,"4,681",DAZN
2018,J2 ,第3節第2日,03/11(日),14:03,町田,0-0,甲府,町田,"5,802",DAZN
2018,J2 ,第3節第2日,03/11(日),14:03,新潟,1-1,京都,デンカS,"14,239",DAZN
2018,J2 ,第3節第2日,03/11(日),14:03,金沢,0-1,福岡,石川西部,"3,032",DAZN
2018,J2 ,第3節第2日,03/11(日),14:03,東京V,2-1,松本,味スタ,"8,812",DAZN
2018,J2 ,第3節第2日,03/11(日),14:04,岡山,1-0,大分,Cスタ,"8,358",DAZN
2018,J2 ,第3節第2日,03/11(日),14:04,讃岐,1-2,水戸,ピカスタ,"2,693",DAZN
2018,J2 ,第3節第2日,03/11(日),15:03,横浜FC,3-0,愛媛,ニッパツ,"4,464",DAZN
2018,J3 ,第1節第3日,03/11(日),12:33,福島,2-1,群馬,とうスタ,"2,837",DAZN
2018,J3 ,第1節第3日,03/11(日),13:03,鹿児島,0-2,鳥取,鴨池,"5,823",DAZN
2018,J3 ,第1節第3日,03/11(日),14:03,G大23,3-2,盛岡,吹田S,"1,330",DAZN
2018,J3 ,第1節第3日,03/11(日),14:03,琉球,4-3,富山,沖縄県陸,"4,815",DAZN
2018,J3 ,第1節第3日,03/11(日),14:03,F東23,0-3,沼津,夢の島,"1,527",DAZN
2018,YLC グループステージAグループ,第2節第1日,03/14(水),19:03,FC東京,1-0,新潟,味スタ,"7,439",スカパー!/スカパー!プレミアムサービス
2018,YLC グループステージAグループ,第2節第1日,03/14(水),19:33,横浜FM,0-0,仙台,ニッパツ,"6,391",スカパー!/スカパー!プレミアムサービス
2018,YLC グループステージBグループ,第2節第1日,03/14(水),19:03,札幌,0-1,磐田,札幌ド,"6,398",スカパー!/スカパー!プレミアムサービス
2018,YLC グループステージBグループ,第2節第1日,03/14(水),19:03,甲府,1-0,清水,中銀スタ,"4,585",スカパー!/スカパー!プレミアムサービス
2018,YLC グループステージCグループ,第2節第1日,03/14(水),19:33,広島,2-1,名古屋,Eスタ,"7,777",フジテレビNEXT/スカパー!/スカパー!プレミアムサービス
2018,YLC グループステージCグループ,第2節第1日,03/14(水),19:34,浦和,1-4,G大阪,埼玉,"21,897",フジテレビONE/スカパー!/スカパー!プレミアムサービス
2018,YLC グループステージDグループ,第2節第1日,03/14(水),19:03,長崎,2-1,湘南,トラスタ,"3,738",スカパー!/スカパー!プレミアムサービス
2018,YLC グループステージDグループ,第2節第1日,03/14(水),20:03,鳥栖,0-2,神戸,ベアスタ,"5,118",スカパー!/スカパー!プレミアムサービス
2018,J3 ,第2節第1日,03/16(金),19:03,YS横浜,3-1,F東23,ニッパツ,671,DAZN
2018,J2 ,第4節第1日,03/17(土),14:03,徳島,4-1,千葉,鳴門大塚,"5,074",DAZN
2018,J2 ,第4節第1日,03/17(土),14:03,栃木,1-0,讃岐,栃木グ,"3,203",DAZN
2018,J2 ,第4節第1日,03/17(土),14:03,福岡,0-2,甲府,レベスタ,"7,189",DAZN/テレビ西日本(録)
2018,J2 ,第4節第1日,03/17(土),14:03,大分,0-0,東京V,大銀ド,"6,297",DAZN
2018,J2 ,第4節第1日,03/17(土),14:03,山形,2-2,町田,NDスタ,"7,732",DAZN
2018,J2 ,第4節第1日,03/17(土),14:03,横浜FC,0-3,新潟,ニッパツ,"7,700",DAZN
2018,J2 ,第4節第1日,03/17(土),15:03,京都,2-1,岐阜,西京極,"5,436",DAZN/KBS京都(録)
2018,J2 ,第4節第1日,03/17(土),15:03,水戸,3-0,山口,Ksスタ,"4,457",DAZN
2018,J2 ,第4節第1日,03/17(土),15:04,松本,1-1,岡山,中銀スタ,"9,540",DAZN/信越放送
2018,J2 ,第4節第1日,03/17(土),16:03,愛媛,1-2,熊本,ニンスタ,"2,436",DAZN/南海放送(録)
2018,J2 ,第4節第1日,03/17(土),16:03,大宮,1-1,金沢,NACK,"7,298",DAZN
2018,J3 ,第2節第2日,03/17(土),13:03,鹿児島,4-1,G大23,鴨池,"2,223",DAZN
2018,J3 ,第2節第2日,03/17(土),13:03,沼津,1-0,盛岡,愛鷹,"2,481",DAZN
2018,J3 ,第2節第2日,03/17(土),13:03,富山,2-1,藤枝,富山,"2,435",DAZN
2018,J3 ,第2節第2日,03/17(土),14:03,北九州,1-2,琉球,ミクスタ,"4,503",DAZN
2018,J3 ,第2節第2日,03/17(土),14:03,相模原,2-2,長野,ギオンス,"3,569",DAZN
2018,J3 ,第2節第2日,03/17(土),16:03,群馬,1-0,秋田,正田スタ,"3,802",DAZN/群馬テレビ(録)
2018,J3 ,第2節第2日,03/17(土),18:03,鳥取,2-1,福島,とりスタ,"4,817",DAZN
2018,J1 ,第4節第1日,03/18(日),14:03,清水,1-1,仙台,アイスタ,"13,965",DAZN
2018,J1 ,第4節第1日,03/18(日),14:03,札幌,2-1,長崎,札幌ド,"13,568",DAZN/札幌テレビ
2018,J1 ,第4節第1日,03/18(日),15:03,G大阪,2-2,柏,吹田S,"21,758",DAZN
2018,J1 ,第4節第1日,03/18(日),15:03,FC東京,1-0,湘南,味スタ,"16,568",DAZN
2018,J1 ,第4節第1日,03/18(日),16:03,鳥栖,0-1,鹿島,ベアスタ,"17,757",DAZN
2018,J1 ,第4節第1日,03/18(日),16:03,神戸,2-0,C大阪,ノエスタ,"20,108",DAZN/サンテレビ
2018,J1 ,第4節第1日,03/18(日),16:03,広島,0-0,磐田,Eスタ,"16,962",DAZN
2018,J1 ,第4節第1日,03/18(日),16:04,浦和,0-1,横浜FM,埼玉,"33,168",DAZN/テレ玉
2018,J1 ,第4節第1日,03/18(日),19:03,名古屋,0-1,川崎F,豊田ス,"25,898",DAZN/NHK BS1
2018,J2 ,第5節第1日,03/21(水・祝),13:03,熊本,2-1,大宮,えがおS,"4,126",DAZN
2018,J2 ,第5節第1日,03/21(水・祝),14:03,山形,2-3,横浜FC,NDスタ,"5,116",DAZN
2018,J2 ,第5節第1日,03/21(水・祝),14:03,千葉,6-1,讃岐,フクアリ,"6,152",DAZN
2018,J2 ,第5節第1日,03/21(水・祝),14:03,甲府,0-1,徳島,中銀スタ,"3,130",DAZN
2018,J2 ,第5節第1日,03/21(水・祝),14:03,大分,3-1,水戸,大銀ド,"6,133",DAZN
2018,J2 ,第5節第1日,03/21(水・祝),14:03,岐阜,1-1,栃木,長良川,"3,819",DAZN/岐阜放送(録)
2018,J2 ,第5節第1日,03/21(水・祝),15:03,京都,0-1,岡山,西京極,"3,639",DAZN
2018,J2 ,第5節第1日,03/21(水・祝),15:04,山口,2-2,金沢,みらスタ,"3,508",DAZN
2018,J2 ,第5節第1日,03/21(水・祝),15:33,新潟,0-1,愛媛,デンカS,"12,796",DAZN
2018,J2 ,第5節第1日,03/21(水・祝),16:03,東京V,1-1,福岡,味スタ,"3,048",DAZN
2018,J2 ,第5節第1日,03/21(水・祝),18:03,町田,2-1,松本,町田,"3,037",DAZN
2018,J3 ,第3節第1日,03/21(水・祝),13:03,福島,0-0,鹿児島,とうスタ,671,DAZN
2018,J3 ,第3節第1日,03/21(水・祝),13:03,盛岡,3-2,YS横浜,いわスタ,"1,606",DAZN/テレビ岩手(録)
2018,J3 ,第3節第1日,03/21(水・祝),13:03,富山,1-2,C大23,富山,"1,602",DAZN
2018,J3 ,第3節第1日,03/21(水・祝),13:03,藤枝,1-2,北九州,藤枝サ,508,DAZN
2018,J3 ,第3節第1日,03/21(水・祝),14:03,長野,1-0,F東23,長野U,"3,839",DAZN/長野朝日放送
2018,J3 ,第3節第1日,03/21(水・祝),14:03,琉球,2-2,鳥取,沖縄県陸,"2,331",DAZN
2018,J3 ,第3節第1日,03/21(水・祝),14:03,G大23,2-1,秋田,吹田S,"1,224",DAZN
2018,J2 ,第6節第1日,03/25(日),14:03,新潟,1-0,徳島,デンカS,"13,576",DAZN
2018,J2 ,第6節第1日,03/25(日),14:03,千葉,2-0,京都,フクアリ,"9,737",DAZN
2018,J2 ,第6節第1日,03/25(日),14:03,岡山,1-0,甲府,Cスタ,"10,278",DAZN
2018,J2 ,第6節第1日,03/25(日),14:03,東京V,0-0,山形,味スタ,"4,336",DAZN
2018,J2 ,第6節第1日,03/25(日),14:03,讃岐,1-2,大分,ピカスタ,"2,770",DAZN
2018,J2 ,第6節第1日,03/25(日),14:03,金沢,1-1,町田,石川西部,"3,239",DAZN
2018,J2 ,第6節第1日,03/25(日),14:03,栃木,1-0,熊本,栃木グ,"4,623",DAZN
2018,J2 ,第6節第1日,03/25(日),14:03,水戸,0-0,横浜FC,Ksスタ,"6,300",DAZN
2018,J2 ,第6節第1日,03/25(日),15:03,山口,2-2,松本,みらスタ,"6,318",DAZN
2018,J2 ,第6節第1日,03/25(日),16:03,大宮,2-1,福岡,NACK,"9,106",DAZN
2018,J2 ,第6節第1日,03/25(日),16:03,愛媛,1-3,岐阜,ニンスタ,"2,348",DAZN/南海放送(録)
2018,J3 ,第4節第1日,03/25(日),13:03,YS横浜,0-0,G大23,ニッパツ,"1,509",DAZN
2018,J3 ,第4節第1日,03/25(日),13:03,鹿児島,1-2,藤枝,鴨池,"4,237",DAZN
2018,J3 ,第4節第1日,03/25(日),13:03,秋田,0-1,福島,秋田陸,"11,802",DAZN/秋田テレビ
2018,J3 ,第4節第1日,03/25(日),13:03,鳥取,1-0,盛岡,チュスタ,"3,855",DAZN
2018,J3 ,第4節第1日,03/25(日),14:03,北九州,0-2,沼津,ミクスタ,"3,417",DAZN
2018,J3 ,第4節第1日,03/25(日),14:03,C大23,2-1,相模原,金鳥スタ,"1,009",DAZN
2018,J3 ,第4節第1日,03/25(日),14:03,F東23,3-0,富山,味フィ西,"1,679",DAZN
2018,J3 ,第4節第1日,03/25(日),16:03,群馬,0-2,琉球,正田スタ,"3,085",DAZN
2018,J1 ,第5節第1日,03/30(金),19:33,柏,2-1,神戸,三協F柏,"9,642",DAZN
2018,J1 ,第5節第2日,03/31(土),14:03,仙台,1-0,長崎,ユアスタ,"13,158",DAZN
2018,J1 ,第5節第2日,03/31(土),14:03,清水,0-1,横浜FM,アイスタ,"17,032",DAZN/静岡放送
2018,J1 ,第5節第2日,03/31(土),15:03,FC東京,3-2,G大阪,味スタ,"21,940",DAZN
2018,J1 ,第5節第2日,03/31(土),15:03,鹿島,0-0,札幌,カシマ,"19,629",DAZN
2018,J1 ,第5節第2日,03/31(土),16:03,川崎F,0-1,広島,等々力,"24,018",DAZN
2018,J1 ,第5節第2日,03/31(土),19:03,鳥栖,3-2,名古屋,ベアスタ,"12,957",DAZN
2018,J1 ,第5節第2日,03/31(土),19:03,C大阪,2-1,湘南,金鳥スタ,"13,882",DAZN/NHK BS1
2018,J2 ,第7節第1日,03/31(土),13:03,山形,0-1,山口,NDスタ,"5,029",DAZN
2018,J2 ,第7節第1日,03/31(土),15:03,京都,1-1,讃岐,西京極,"5,063",DAZN
2018,J1 ,第5節第3日,04/01(日),15:03,磐田,2-1,浦和,エコパ,"21,755",DAZN
2018,J2 ,第7節第2日,04/01(日),13:03,熊本,3-1,新潟,えがおS,"4,691",DAZN
2018,J2 ,第7節第2日,04/01(日),13:03,松本,3-2,大宮,松本,"15,871",DAZN/長野放送
2018,J2 ,第7節第2日,04/01(日),14:03,大分,4-0,千葉,大銀ド,"6,797",DAZN
2018,J2 ,第7節第2日,04/01(日),14:03,岐阜,3-4,甲府,長良川,"6,796",DAZN/岐阜放送(録)
2018,J2 ,第7節第2日,04/01(日),14:03,横浜FC,0-4,金沢,ニッパツ,"3,571",DAZN
2018,J2 ,第7節第2日,04/01(日),14:03,福岡,2-1,栃木,レベスタ,"7,775",DAZN
2018,J2 ,第7節第2日,04/01(日),14:03,水戸,0-1,町田,Ksスタ,"4,717",DAZN
2018,J2 ,第7節第2日,04/01(日),14:03,徳島,0-4,東京V,鳴門大塚,"5,303",DAZN
2018,J2 ,第7節第2日,04/01(日),14:04,岡山,0-1,愛媛,Cスタ,"9,117",DAZN/山陽放送
2018,J3 ,第5節第1日,04/01(日),13:03,秋田,2-0,YS横浜,A‐スタ,"1,971",DAZN
2018,J3 ,第5節第1日,04/01(日),13:03,沼津,2-0,富山,愛鷹,"1,806",DAZN
2018,J3 ,第5節第1日,04/01(日),13:03,盛岡,1-1,群馬,いわスタ,733,DAZN
2018,J3 ,第5節第1日,04/01(日),13:03,福島,2-1,琉球,とうスタ,"1,249",DAZN
2018,J3 ,第5節第1日,04/01(日),14:03,C大23,2-0,F東23,金鳥スタ,"1,041",DAZN
2018,J3 ,第5節第1日,04/01(日),14:03,相模原,2-4,鳥取,ギオンス,"2,776",DAZN
2018,J3 ,第5節第1日,04/01(日),14:03,G大23,4-1,藤枝,吹田S,"1,398",DAZN
2018,J3 ,第5節第1日,04/01(日),14:04,長野,1-1,北九州,長野U,"3,506",DAZN/信越放送
2018,YLC グループステージAグループ,第3節第1日,04/04(水),19:03,仙台,3-0,FC東京,ユアスタ,"7,068",スカパー!/スカパー!プレミアムサービス
2018,YLC グループステージAグループ,第3節第1日,04/04(水),19:03,新潟,1-3,横浜FM,デンカS,"3,212",スカパー!/スカパー!プレミアムサービス
2018,YLC グループステージBグループ,第3節第1日,04/04(水),19:03,磐田,3-2,甲府,ヤマハ,"6,919",スカパー!/スカパー!プレミアムサービス
2018,YLC グループステージBグループ,第3節第1日,04/04(水),19:03,清水,2-1,札幌,アイスタ,"5,458",スカパー!/スカパー!プレミアムサービス
2018,YLC グループステージCグループ,第3節第1日,04/04(水),19:03,名古屋,1-4,G大阪,パロ瑞穂,"10,122",スカパー!/スカパー!プレミアムサービス
2018,YLC グループステージCグループ,第3節第1日,04/04(水),19:03,広島,0-0,浦和,Eスタ,"8,697",フジテレビNEXT/スカパー!/スカパー!プレミアムサービス
2018,YLC グループステージDグループ,第3節第1日,04/04(水),19:03,湘南,0-3,神戸,BMWス,"5,802",スカパー!/スカパー!プレミアムサービス
2018,YLC グループステージDグループ,第3節第1日,04/04(水),19:03,長崎,3-2,鳥栖,トラスタ,"4,611",スカパー!/スカパー!プレミアムサービス
2018,J1 ,第6節第1日,04/07(土),14:03,札幌,3-0,名古屋,札幌ド,"17,390",DAZN/NHK札幌
2018,J1 ,第6節第1日,04/07(土),15:03,磐田,0-0,清水,エコパ,"30,598",DAZN/静岡放送
2018,J1 ,第6節第1日,04/07(土),15:03,C大阪,2-1,鳥栖,金鳥スタ,"10,627",DAZN
2018,J1 ,第6節第1日,04/07(土),16:04,浦和,1-0,仙台,埼玉,"28,984",DAZN/テレ玉
2018,J1 ,第6節第1日,04/07(土),19:03,湘南,2-1,鹿島,BMWス,"13,947",DAZN/NHK BS1
2018,J2 ,第8節第1日,04/07(土),14:03,甲府,1-1,水戸,中銀スタ,"6,741",DAZN/山梨放送
2018,J2 ,第8節第1日,04/07(土),15:03,東京V,0-0,岐阜,味スタ,"3,169",DAZN
2018,J2 ,第8節第1日,04/07(土),15:03,京都,0-1,大分,西京極,"5,099",DAZN
2018,J2 ,第8節第1日,04/07(土),15:04,山口,2-1,大宮,みらスタ,"5,353",DAZN
2018,J3 ,第6節第1日,04/07(土),13:03,YS横浜,3-0,福島,ニッパツ,830,DAZN
2018,J3 ,第6節第1日,04/07(土),14:03,群馬,0-2,鹿児島,正田スタ,"2,486",DAZN/群馬テレビ
2018,J3 ,第6節第1日,04/07(土),18:03,琉球,1-1,C大23,沖縄県陸,"1,782",DAZN
2018,J1 ,第6節第2日,04/08(日),14:03,長崎,2-5,FC東京,トラスタ,"9,873",DAZN
2018,J1 ,第6節第2日,04/08(日),15:03,G大阪,0-1,神戸,吹田S,"20,606",DAZN/サンテレビ
2018,J1 ,第6節第2日,04/08(日),15:03,柏,0-1,広島,三協F柏,"11,089",DAZN
2018,J1 ,第6節第2日,04/08(日),16:03,横浜FM,1-1,川崎F,日産ス,"37,332",DAZN
2018,J2 ,第8節第2日,04/08(日),14:02,愛媛,0-2,山形,ニンスタ,"3,427",DAZN/あいテレビ/南海放送(録)
2018,J2 ,第8節第2日,04/08(日),14:03,町田,2-2,熊本,町田,"3,727",DAZN
2018,J2 ,第8節第2日,04/08(日),14:03,栃木,1-1,徳島,栃木グ,"4,087",DAZN/とちぎテレビ(録)
2018,J2 ,第8節第2日,04/08(日),14:03,金沢,3-1,千葉,石川西部,"3,028",DAZN
2018,J2 ,第8節第2日,04/08(日),14:03,横浜FC,2-2,福岡,ニッパツ,"4,088",DAZN
2018,J2 ,第8節第2日,04/08(日),14:03,新潟,0-1,岡山,デンカS,"11,783",DAZN
2018,J2 ,第8節第2日,04/08(日),14:03,松本,1-1,讃岐,松本,"12,110",DAZN
2018,J3 ,第6節第2日,04/08(日),13:03,盛岡,2-1,秋田,いわスタ,955,DAZN
2018,J3 ,第6節第2日,04/08(日),13:03,藤枝,0-0,鳥取,藤枝サ,873,DAZN
2018,J3 ,第6節第2日,04/08(日),13:03,富山,3-0,G大23,富山,"1,704",DAZN
2018,J3 ,第6節第2日,04/08(日),13:03,長野,2-2,沼津,長野U,"3,003",DAZN/長野放送
2018,J3 ,第6節第2日,04/08(日),14:03,北九州,0-4,相模原,ミクスタ,"3,453",DAZN
2018,J1 ,第7節第1日,04/11(水),19:03,名古屋,2-3,仙台,パロ瑞穂,"9,297",DAZN
2018,J1 ,第7節第1日,04/11(水),19:03,G大阪,2-0,磐田,吹田S,"12,615",DAZN
2018,J1 ,第7節第1日,04/11(水),19:03,FC東京,2-1,鹿島,味スタ,"17,260",DAZN
2018,J1 ,第7節第1日,04/11(水),19:03,広島,3-1,横浜FM,Eスタ,"7,344",DAZN
2018,J1 ,第7節第1日,04/11(水),19:03,川崎F,1-2,C大阪,等々力,"17,113",DAZN
2018,J1 ,第7節第1日,04/11(水),19:03,神戸,2-3,浦和,ノエスタ,"9,758",DAZN/NHK BS1
2018,J1 ,第7節第1日,04/11(水),19:03,清水,0-1,長崎,アイスタ,"6,193",DAZN/静岡放送
2018,J1 ,第7節第1日,04/11(水),19:03,札幌,1-0,湘南,札幌ド,"11,183",DAZN/北海道放送(録)
2018,J1 ,第7節第1日,04/11(水),20:03,鳥栖,1-2,柏,ベアスタ,"7,138",DAZN
2018,J1 ,第8節第1日,04/14(土),14:02,鹿島,2-0,名古屋,カシマ,"17,921",DAZN/NHK水戸
2018,J1 ,第8節第1日,04/14(土),14:03,長崎,3-0,G大阪,トラスタ,"8,745",DAZN/NHK長崎
2018,J1 ,第8節第1日,04/14(土),14:03,柏,1-2,札幌,三協F柏,"9,533",DAZN
2018,J1 ,第8節第1日,04/14(土),15:03,C大阪,1-0,FC東京,ヤンマー,"17,790",DAZN
2018,J1 ,第8節第1日,04/14(土),19:03,仙台,0-0,川崎F,ユアスタ,"14,024",DAZN/NHK BS1
2018,J2 ,第9節第1日,04/14(土),14:02,甲府,0-1,松本,中銀スタ,"9,659",DAZN/NHK甲府/NHK長野
2018,J2 ,第9節第1日,04/14(土),14:03,福岡,2-0,山口,レベスタ,"6,837",DAZN
2018,J2 ,第9節第1日,04/14(土),16:03,大宮,1-1,岡山,NACK,"7,248",DAZN
2018,J3 ,第7節第1日,04/14(土),13:03,鹿児島,2-1,琉球,白波スタ,"1,747",DAZN
2018,J3 ,第7節第1日,04/14(土),14:03,F東23,0-1,北九州,夢の島,"1,075",DAZN
2018,J1 ,第8節第2日,04/15(日),14:03,横浜FM,1-2,神戸,日産ス,"16,313",DAZN
2018,J1 ,第8節第2日,04/15(日),15:04,磐田,1-0,鳥栖,ヤマハ,"11,126",DAZN
2018,J1 ,第8節第2日,04/15(日),16:03,湘南,0-2,広島,BMWス,"10,082",DAZN
2018,J1 ,第8節第2日,04/15(日),16:04,浦和,2-1,清水,埼玉,"28,295",DAZN/テレ玉
2018,J2 ,第9節第2日,04/15(日),13:03,山形,1-0,京都,NDスタ,"4,911",DAZN
2018,J2 ,第9節第2日,04/15(日),13:04,熊本,0-0,東京V,えがおS,"10,011",DAZN
2018,J2 ,第9節第2日,04/15(日),14:03,栃木,2-1,新潟,栃木グ,"6,630",DAZN
2018,J2 ,第9節第2日,04/15(日),14:03,讃岐,1-1,愛媛,ピカスタ,"3,004",DAZN
2018,J2 ,第9節第2日,04/15(日),14:03,水戸,1-0,金沢,Ksスタ,"2,736",DAZN
2018,J2 ,第9節第2日,04/15(日),14:03,大分,1-1,横浜FC,大銀ド,"8,102",DAZN
2018,J2 ,第9節第2日,04/15(日),14:03,岐阜,0-0,徳島,長良川,"7,217",DAZN/岐阜放送(録)
2018,J2 ,第9節第2日,04/15(日),15:03,千葉,3-2,町田,フクアリ,"7,779",DAZN
2018,J3 ,第7節第2日,04/15(日),13:03,鳥取,1-4,YS横浜,とりスタ,"1,703",DAZN
2018,J3 ,第7節第2日,04/15(日),13:03,秋田,1-0,沼津,A‐スタ,831,DAZN
2018,J3 ,第7節第2日,04/15(日),14:03,C大23,1-1,福島,金鳥スタ,769,DAZN
2018,J3 ,第7節第2日,04/15(日),14:03,G大23,1-1,長野,吹田S,"1,575",DAZN
2018,J3 ,第7節第2日,04/15(日),14:03,群馬,2-1,藤枝,正田スタ,"2,458",DAZN
2018,J3 ,第7節第2日,04/15(日),14:03,相模原,1-0,富山,ギオンス,"3,573",DAZN
2018,YLC グループステージAグループ,第4節第1日,04/18(水),19:03,新潟,3-1,仙台,デンカS,"2,681",スカパー!/スカパー!プレミアムサービス
2018,YLC グループステージAグループ,第4節第1日,04/18(水),19:04,FC東京,2-2,横浜FM,味スタ,"8,320",フジテレビNEXT/スカパー!/スカパー!プレミアムサービス
2018,YLC グループステージBグループ,第4節第1日,04/18(水),19:03,磐田,2-3,札幌,ヤマハ,"6,084",スカパー!/スカパー!プレミアムサービス
2018,YLC グループステージBグループ,第4節第1日,04/18(水),19:03,清水,1-1,甲府,アイスタ,"4,797",スカパー!/スカパー!プレミアムサービス
2018,YLC グループステージCグループ,第4節第1日,04/18(水),19:03,G大阪,0-1,浦和,吹田S,"9,516",フジテレビONE/スカパー!/スカパー!プレミアムサービス
2018,YLC グループステージCグループ,第4節第1日,04/18(水),19:03,名古屋,2-1,広島,パロ瑞穂,"5,412",スカパー!/スカパー!プレミアムサービス
2018,YLC グループステージDグループ,第4節第1日,04/18(水),19:03,長崎,1-2,神戸,トラスタ,"3,488",スカパー!/スカパー!プレミアムサービス
2018,YLC グループステージDグループ,第4節第1日,04/18(水),20:03,鳥栖,0-0,湘南,ベアスタ,"4,297",スカパー!/スカパー!プレミアムサービス
2018,J1 ,第9節第1日,04/21(土),13:03,清水,0-1,FC東京,アイスタ,"12,615",DAZN
2018,J1 ,第9節第1日,04/21(土),14:03,広島,1-0,鳥栖,Eスタ,"13,706",DAZN
2018,J1 ,第9節第1日,04/21(土),14:03,仙台,0-3,磐田,ユアスタ,"13,316",DAZN
2018,J1 ,第9節第1日,04/21(土),16:03,横浜FM,4-4,湘南,日産ス,"19,117",DAZN
2018,J1 ,第9節第1日,04/21(土),16:03,川崎F,4-1,鹿島,等々力,"24,358",DAZN
2018,J1 ,第9節第1日,04/21(土),16:03,浦和,0-0,札幌,埼玉,"39,091",DAZN
2018,J1 ,第9節第1日,04/21(土),16:03,神戸,3-0,名古屋,ノエスタ,"18,681",DAZN/サンテレビ
2018,J1 ,第9節第1日,04/21(土),19:03,G大阪,1-0,C大阪,吹田S,"35,242",DAZN/NHK BS1/朝日放送(録)
2018,J2 ,第10節第1日,04/21(土),15:03,京都,1-2,熊本,西京極,"4,405",DAZN/NHK京都/KBS京都(録)
2018,J2 ,第10節第1日,04/21(土),15:04,東京V,3-0,水戸,味フィ西,"3,726",DAZN
2018,J2 ,第10節第1日,04/21(土),18:03,愛媛,0-0,甲府,ニンスタ,"2,255",DAZN/南海放送(録)
2018,J2 ,第10節第1日,04/21(土),19:03,岡山,0-0,岐阜,Cスタ,"8,668",DAZN
2018,J1 ,第9節第2日,04/22(日),16:03,長崎,1-0,柏,トラスタ,"7,676",DAZN
2018,J2 ,第10節第2日,04/22(日),13:02,新潟,0-1,大宮,デンカS,"15,323",DAZN/テレビ新潟
2018,J2 ,第10節第2日,04/22(日),13:03,福岡,3-1,千葉,レベスタ,"7,984",DAZN/NHK福岡
2018,J2 ,第10節第2日,04/22(日),14:03,徳島,0-1,讃岐,鳴門大塚,"6,017",DAZN
2018,J2 ,第10節第2日,04/22(日),14:03,松本,1-0,山形,松本,"12,038",DAZN
2018,J2 ,第10節第2日,04/22(日),14:03,横浜FC,0-0,栃木,ニッパツ,"3,989",DAZN
2018,J2 ,第10節第2日,04/22(日),14:03,金沢,0-1,大分,石川西部,"4,131",DAZN
2018,J2 ,第10節第2日,04/22(日),15:03,町田,1-2,山口,町田,"3,535",DAZN
2018,J1 ,第10節第1日,04/25(水),19:03,名古屋,1-3,清水,パロ瑞穂,"9,774",DAZN
2018,J1 ,第10節第1日,04/25(水),19:03,C大阪,2-1,仙台,金鳥スタ,"8,165",DAZN
2018,J1 ,第10節第1日,04/25(水),19:03,鳥栖,0-2,川崎F,ベアスタ,"8,490",DAZN/NHK BS1
2018,J1 ,第10節第1日,04/25(水),19:03,湘南,1-0,G大阪,BMWス,"8,002",DAZN
2018,J1 ,第10節第1日,04/25(水),19:03,鹿島,1-1,神戸,カシマ,"7,672",DAZN
2018,J1 ,第10節第1日,04/25(水),19:03,柏,1-0,浦和,三協F柏,"11,257",DAZN
2018,J1 ,第10節第1日,04/25(水),19:03,FC東京,3-1,広島,味スタ,"13,425",DAZN
2018,J1 ,第10節第1日,04/25(水),19:03,磐田,1-2,長崎,ヤマハ,"8,047",DAZN
2018,J1 ,第10節第1日,04/25(水),19:03,札幌,2-1,横浜FM,札幌厚別,"6,729",DAZN/北海道放送(録)
2018,J1 ,第11節第1日,04/28(土),13:03,長崎,0-2,広島,トラスタ,"10,639",DAZN/長崎国際テレビ
2018,J1 ,第11節第1日,04/28(土),14:03,仙台,2-2,札幌,ユアスタ,"13,812",DAZN
2018,J1 ,第11節第1日,04/28(土),14:03,清水,2-1,柏,アイスタ,"13,100",DAZN/NHK BS1
2018,J1 ,第11節第1日,04/28(土),15:03,FC東京,3-2,名古屋,味スタ,"25,185",DAZN
2018,J1 ,第11節第1日,04/28(土),15:03,磐田,1-1,C大阪,ヤマハ,"13,884",DAZN/NHK静岡
2018,J1 ,第11節第1日,04/28(土),16:03,神戸,1-2,川崎F,ノエスタ,"19,847",DAZN/サンテレビ
2018,J1 ,第11節第1日,04/28(土),16:04,浦和,0-1,湘南,埼玉,"33,132",DAZN/テレ玉
2018,J1 ,第11節第1日,04/28(土),19:03,横浜FM,3-0,鹿島,日産ス,"27,348",DAZN/NHK BS1
2018,J2 ,第11節第1日,04/28(土),14:03,讃岐,1-1,福岡,ピカスタ,"2,745",DAZN/NHK高松
2018,J2 ,第11節第1日,04/28(土),14:03,横浜FC,1-0,徳島,ニッパツ,"3,993",DAZN
2018,J2 ,第11節第1日,04/28(土),14:03,大分,4-3,町田,大銀ド,"7,205",DAZN/テレビ大分
2018,J2 ,第11節第1日,04/28(土),14:03,水戸,1-2,京都,Ksスタ,"4,366",DAZN
2018,J2 ,第11節第1日,04/28(土),14:03,山形,0-1,栃木,NDスタ,"8,046",DAZN
2018,J2 ,第11節第1日,04/28(土),15:02,山口,1-2,新潟,みらスタ,"6,374",DAZN/山口放送
2018,J2 ,第11節第1日,04/28(土),15:04,岐阜,0-1,金沢,長良川,"5,932",DAZN
2018,J2 ,第11節第1日,04/28(土),16:03,大宮,2-0,東京V,NACK,"9,927",DAZN
2018,J2 ,第11節第1日,04/28(土),17:03,愛媛,1-1,松本,ニンスタ,"3,207",DAZN/南海放送(録)
2018,J2 ,第11節第1日,04/28(土),18:03,甲府,1-1,千葉,中銀スタ,"8,814",DAZN
2018,J2 ,第11節第1日,04/28(土),19:03,岡山,3-1,熊本,Cスタ,"9,280",DAZN
2018,J3 ,第8節第1日,04/28(土),13:03,盛岡,1-4,鹿児島,いわスタ,743,DAZN
2018,J3 ,第8節第1日,04/28(土),13:03,沼津,1-0,鳥取,愛鷹,"2,567",DAZN
2018,J3 ,第8節第1日,04/28(土),14:03,長野,1-2,C大23,長野U,"3,198",DAZN/テレビ信州
2018,J1 ,第11節第2日,04/29(日・祝),16:03,G大阪,3-0,鳥栖,吹田S,"18,642",DAZN
2018,J3 ,第8節第2日,04/29(日・祝),13:03,YS横浜,3-2,琉球,ニッパツ,"1,285",DAZN
2018,J3 ,第8節第2日,04/29(日・祝),13:03,福島,2-0,藤枝,とうスタ,"1,253",DAZN
2018,J3 ,第8節第2日,04/29(日・祝),13:03,富山,1-4,秋田,富山,"3,043",DAZN
2018,J3 ,第8節第2日,04/29(日・祝),14:03,北九州,0-1,群馬,ミクスタ,"5,948",DAZN
2018,J1 ,第12節第1日,05/02(水),19:03,G大阪,1-0,仙台,吹田S,"11,824",DAZN
2018,J1 ,第12節第1日,05/02(水),19:03,鹿島,2-1,長崎,カシマ,"11,848",DAZN
2018,J1 ,第12節第1日,05/02(水),19:03,湘南,1-2,柏,BMWス,"8,536",DAZN
2018,J1 ,第12節第1日,05/02(水),19:03,名古屋,0-0,C大阪,パロ瑞穂,"13,220",DAZN/NHK BS1(102ch)
2018,J1 ,第12節第1日,05/02(水),19:03,横浜FM,1-3,磐田,日産ス,"19,738",DAZN
2018,J1 ,第12節第1日,05/02(水),19:03,川崎F,0-2,浦和,等々力,"22,817",DAZN
2018,J1 ,第12節第1日,05/02(水),19:03,神戸,0-0,FC東京,ノエスタ,"9,015",DAZN
2018,J1 ,第12節第1日,05/02(水),19:33,広島,2-0,清水,Eスタ,"8,029",DAZN
2018,J1 ,第12節第1日,05/02(水),20:03,鳥栖,1-2,札幌,ベアスタ,"7,377",DAZN
2018,J2 ,第12節第1日,05/03(木・祝),13:03,千葉,1-0,岡山,フクアリ,"10,514",DAZN
2018,J2 ,第12節第1日,05/03(木・祝),14:03,熊本,1-2,岐阜,えがおS,"5,247",DAZN
2018,J2 ,第12節第1日,05/03(木・祝),14:03,甲府,1-1,山口,中銀スタ,"8,416",DAZN
2018,J2 ,第12節第1日,05/03(木・祝),14:03,徳島,2-0,愛媛,鳴門大塚,"6,756",DAZN
2018,J2 ,第12節第1日,05/03(木・祝),14:03,東京V,1-4,町田,味スタ,"6,505",DAZN
2018,J2 ,第12節第1日,05/03(木・祝),14:03,福岡,2-1,山形,レベスタ,"9,620",DAZN/九州朝日放送
2018,J2 ,第12節第1日,05/03(木・祝),14:03,栃木,3-1,京都,栃木グ,"4,643",DAZN
2018,J2 ,第12節第1日,05/03(木・祝),14:03,松本,2-0,水戸,松本,"15,110",DAZN
2018,J2 ,第12節第1日,05/03(木・祝),14:03,金沢,2-3,新潟,石川西部,"9,497",DAZN
2018,J2 ,第12節第1日,05/03(木・祝),14:03,大分,1-2,大宮,大銀ド,"10,134",DAZN
2018,J2 ,第12節第1日,05/03(木・祝),15:04,讃岐,1-2,横浜FC,ピカスタ,"4,295",DAZN/西日本放送
2018,J3 ,第9節第1日,05/03(木・祝),13:03,秋田,1-0,北九州,A‐スタ,"1,913",DAZN
2018,J3 ,第9節第1日,05/03(木・祝),13:03,鳥取,1-4,C大23,とりスタ,"2,603",DAZN
2018,J3 ,第9節第1日,05/03(木・祝),13:03,藤枝,0-1,沼津,藤枝サ,"2,592",DAZN
2018,J3 ,第9節第1日,05/03(木・祝),13:03,鹿児島,2-2,長野,白波スタ,"4,094",DAZN
2018,J3 ,第9節第1日,05/03(木・祝),13:03,福島,1-0,富山,とうスタ,"1,351",DAZN
2018,J3 ,第9節第1日,05/03(木・祝),14:03,F東23,2-0,盛岡,味フィ西,"2,114",DAZN
2018,J3 ,第9節第1日,05/03(木・祝),18:03,琉球,2-1,G大23,沖縄県陸,"1,824",DAZN
2018,J3 ,第9節第1日,05/03(木・祝),19:33,群馬,1-1,相模原,正田スタ,"3,300",DAZN
2018,J1 ,第13節第1日,05/05(土・祝),14:02,川崎F,0-2,FC東京,等々力,"24,677",DAZN/NHK総合
2018,J1 ,第13節第1日,05/05(土・祝),14:03,柏,1-2,磐田,三協F柏,"14,208",DAZN
2018,J1 ,第13節第1日,05/05(土・祝),14:03,札幌,2-0,G大阪,札幌厚別,"12,382",DAZN/北海道文化放送
2018,J1 ,第13節第1日,05/05(土・祝),15:04,C大阪,3-1,長崎,ヤンマー,"29,845",DAZN
2018,J1 ,第13節第1日,05/05(土・祝),17:03,鹿島,1-0,浦和,カシマ,"33,647",DAZN/NHK BS1
2018,J1 ,第13節第1日,05/05(土・祝),19:03,名古屋,1-1,横浜FM,豊田ス,"38,280",DAZN/NHK BS1
2018,J1 ,第13節第2日,05/06(日),15:03,鳥栖,3-1,清水,ベアスタ,"14,103",DAZN
2018,J1 ,第13節第2日,05/06(日),16:03,湘南,1-3,仙台,BMWス,"11,805",DAZN
2018,J1 ,第13節第2日,05/06(日),17:03,広島,2-0,神戸,Eスタ,"11,100",DAZN
2018,J2 ,第13節第1日,05/06(日),13:03,熊本,1-4,甲府,えがおS,"4,094",DAZN
2018,J2 ,第13節第1日,05/06(日),13:03,山形,2-0,讃岐,NDスタ,"7,512",DAZN
2018,J2 ,第13節第1日,05/06(日),14:03,新潟,1-2,大分,デンカS,"19,020",DAZN
2018,J2 ,第13節第1日,05/06(日),14:03,東京V,0-1,金沢,味スタ,"5,587",DAZN
2018,J2 ,第13節第1日,05/06(日),14:03,水戸,0-1,徳島,Ksスタ,"3,605",DAZN
2018,J2 ,第13節第1日,05/06(日),15:04,京都,1-2,山口,西京極,"7,093",DAZN
2018,J2 ,第13節第1日,05/06(日),16:03,愛媛,1-1,栃木,ニンスタ,"2,196",DAZN/南海放送(録)
2018,J2 ,第13節第1日,05/06(日),16:03,大宮,0-1,千葉,NACK,"12,400",DAZN
2018,J2 ,第13節第1日,05/06(日),16:03,町田,1-0,横浜FC,町田,"6,015",DAZN
2018,J2 ,第13節第1日,05/06(日),16:03,岡山,2-2,福岡,Cスタ,"9,021",DAZN
2018,J2 ,第13節第1日,05/06(日),18:03,岐阜,2-0,松本,長良川,"7,018",DAZN
2018,J3 ,第10節第1日,05/06(日),13:03,長野,2-2,群馬,長野U,"4,667",DAZN
2018,J3 ,第10節第1日,05/06(日),13:03,藤枝,2-1,YS横浜,藤枝サ,"1,256",DAZN
2018,J3 ,第10節第1日,05/06(日),13:04,富山,0-2,鹿児島,富山,"2,334",DAZN/富山テレビ
2018,J3 ,第10節第1日,05/06(日),14:03,C大23,1-1,北九州,金鳥スタ,"1,159",DAZN
2018,J3 ,第10節第1日,05/06(日),14:03,G大23,3-0,沼津,万博,"1,254",DAZN
2018,J3 ,第10節第1日,05/06(日),14:03,F東23,0-0,鳥取,味フィ西,"2,364",DAZN
2018,J3 ,第10節第1日,05/06(日),16:03,相模原,1-0,盛岡,ギオンス,"4,015",DAZN
2018,J3 ,第10節第1日,05/06(日),19:03,琉球,0-0,秋田,沖縄県陸,"1,791",DAZN
2018,YLC グループステージAグループ,第5節第1日,05/09(水),19:03,新潟,3-2,FC東京,デンカS,"3,190",スカパー!/スカパー!プレミアムサービス
2018,YLC グループステージAグループ,第5節第1日,05/09(水),19:03,仙台,4-2,横浜FM,ユアスタ,"7,187",スカパー!/スカパー!プレミアムサービス
2018,YLC グループステージBグループ,第5節第1日,05/09(水),19:03,磐田,2-1,清水,ヤマハ,"8,207",フジテレビNEXT/スカパー!/スカパー!プレミアムサービス
2018,YLC グループステージBグループ,第5節第1日,05/09(水),19:03,札幌,0-3,甲府,札幌厚別,"4,371",スカパー!/スカパー!プレミアムサービス
2018,YLC グループステージCグループ,第5節第1日,05/09(水),19:04,広島,2-3,G大阪,Eスタ,"7,083",スカパー!/スカパー!プレミアムサービス
2018,YLC グループステージCグループ,第5節第1日,05/09(水),19:34,浦和,2-0,名古屋,埼玉,"15,960",フジテレビONE/スカパー!/スカパー!プレミアムサービス
2018,YLC グループステージDグループ,第5節第1日,05/09(水),19:03,神戸,3-4,湘南,ノエスタ,"4,001",スカパー!/スカパー!プレミアムサービス
2018,YLC グループステージDグループ,第5節第1日,05/09(水),20:03,鳥栖,2-1,長崎,ベアスタ,"5,401",スカパー!/スカパー!プレミアムサービス
2018,J1 ,第14節第1日,05/12(土),14:03,長崎,3-0,名古屋,トラスタ,"8,252",DAZN
2018,J1 ,第14節第1日,05/12(土),14:03,清水,4-2,湘南,アイスタ,"14,624",DAZN/テレビ静岡
2018,J1 ,第14節第1日,05/12(土),14:03,磐田,0-2,神戸,ヤマハ,"14,912",DAZN
2018,J1 ,第14節第1日,05/12(土),15:03,柏,1-2,川崎F,三協F柏,"12,584",DAZN
2018,J1 ,第14節第1日,05/12(土),16:03,仙台,1-3,広島,ユアスタ,"15,115",DAZN/NHK BS1
2018,J1 ,第14節第1日,05/12(土),19:03,横浜FM,1-1,G大阪,日産ス,"21,576",DAZN/NHK BS1
2018,J2 ,第14節第1日,05/12(土),14:03,甲府,2-1,栃木,中銀スタ,"6,430",DAZN/テレビ山梨
2018,J2 ,第14節第1日,05/12(土),14:03,松本,5-0,金沢,松本,"11,333",DAZN/長野朝日放送
2018,J2 ,第14節第1日,05/12(土),14:03,福岡,2-0,愛媛,レベスタ,"6,684",DAZN
2018,J2 ,第14節第1日,05/12(土),14:03,横浜FC,4-2,熊本,ニッパツ,"3,157",DAZN
2018,J2 ,第14節第1日,05/12(土),15:03,千葉,1-2,新潟,フクアリ,"12,078",DAZN
2018,J2 ,第14節第1日,05/12(土),15:03,山口,4-3,東京V,みらスタ,"4,893",DAZN
2018,J2 ,第14節第1日,05/12(土),16:04,徳島,1-0,京都,鳴門大塚,"4,713",DAZN
2018,J1 ,第14節第2日,05/13(日),14:04,浦和,0-0,鳥栖,埼玉,"40,137",DAZN/テレ玉
2018,J1 ,第14節第2日,05/13(日),16:04,FC東京,0-0,札幌,味スタ,"24,589",DAZN/TOKYO MX
2018,J2 ,第14節第2日,05/13(日),14:03,水戸,3-0,岡山,Ksスタ,"3,502",DAZN
2018,J2 ,第14節第2日,05/13(日),14:03,山形,1-1,大宮,NDスタ,"8,801",DAZN
2018,J2 ,第14節第2日,05/13(日),14:04,大分,2-1,岐阜,大銀ド,"6,609",DAZN
2018,J2 ,第14節第2日,05/13(日),16:03,町田,3-0,讃岐,町田,"2,414",DAZN
2018,J育成マッチデー ,第1日,05/13(日),14:00,鳥取,2-4,山口,チュスタ,180,None
2018,YLC グループステージAグループ,第6節第1日,05/16(水),19:03,FC東京,0-1,仙台,味スタ,"6,016",スカパー!/スカパー!プレミアムサービス
2018,YLC グループステージAグループ,第6節第1日,05/16(水),19:03,横浜FM,2-1,新潟,ニッパツ,"6,303",スカパー!/スカパー!プレミアムサービス
2018,YLC グループステージBグループ,第6節第1日,05/16(水),19:03,札幌,0-3,清水,札幌厚別,"4,427",スカパー!/スカパー!プレミアムサービス
2018,YLC グループステージBグループ,第6節第1日,05/16(水),19:03,甲府,0-1,磐田,中銀スタ,"5,154",スカパー!/スカパー!プレミアムサービス
2018,YLC グループステージCグループ,第6節第1日,05/16(水),19:03,G大阪,1-4,名古屋,吹田S,"9,907",フジテレビNEXT/スカパー!/スカパー!プレミアムサービス
2018,YLC グループステージCグループ,第6節第1日,05/16(水),19:04,浦和,1-0,広島,埼玉,"17,530",フジテレビTWO/スカパー!/スカパー!プレミアムサービス
2018,YLC グループステージDグループ,第6節第1日,05/16(水),19:03,湘南,2-0,長崎,BMWス,"6,273",スカパー!/スカパー!プレミアムサービス
2018,YLC グループステージDグループ,第6節第1日,05/16(水),19:03,神戸,1-1,鳥栖,ノエスタ,"4,017",スカパー!/スカパー!プレミアムサービス
2018,J1 ,第15節第1日,05/19(土),14:02,G大阪,0-0,浦和,吹田S,"25,361",DAZN/NHK総合
2018,J1 ,第15節第1日,05/19(土),14:03,横浜FM,5-2,長崎,日産ス,"17,379",DAZN
2018,J1 ,第15節第1日,05/19(土),19:03,湘南,1-0,磐田,BMWス,"14,385",DAZN/NHK BS1
2018,J2 ,第15節第2日,05/19(土),16:03,大宮,0-2,岐阜,NACK,"7,133",DAZN
2018,J3 ,第11節第1日,05/19(土),13:03,鹿児島,2-1,相模原,白波スタ,"2,604",DAZN
2018,J3 ,第11節第1日,05/19(土),13:03,YS横浜,1-1,C大23,ニッパツ,728,DAZN
2018,J3 ,第11節第1日,05/19(土),17:03,鳥取,2-3,富山,とりスタ,"2,247",DAZN
2018,J1 ,第15節第2日,05/20(日),14:03,名古屋,2-3,柏,豊田ス,"21,327",DAZN
2018,J1 ,第15節第2日,05/20(日),14:03,鹿島,1-2,仙台,カシマ,"23,942",DAZN
2018,J1 ,第15節第2日,05/20(日),15:03,鳥栖,0-0,FC東京,ベアスタ,"12,163",DAZN
2018,J1 ,第15節第2日,05/20(日),15:04,川崎F,3-0,清水,等々力,"23,969",DAZN
2018,J1 ,第15節第2日,05/20(日),16:03,広島,0-2,C大阪,Eスタ,"20,219",DAZN
2018,J1 ,第15節第2日,05/20(日),17:04,神戸,4-0,札幌,ノエスタ,"18,725",DAZN
2018,J2 ,第15節第3日,05/20(日),13:03,熊本,2-1,水戸,水前寺,"3,206",DAZN
2018,J2 ,第15節第3日,05/20(日),14:03,新潟,0-0,山形,デンカS,"18,397",DAZN
2018,J2 ,第15節第3日,05/20(日),14:03,大分,2-2,山口,大銀ド,"11,862",DAZN
2018,J2 ,第15節第3日,05/20(日),14:03,金沢,0-0,徳島,石川西部,"4,004",DAZN
2018,J2 ,第15節第3日,05/20(日),14:03,横浜FC,3-3,千葉,ニッパツ,"6,772",DAZN
2018,J2 ,第15節第3日,05/20(日),14:03,松本,1-0,福岡,松本,"12,659",DAZN
2018,J2 ,第15節第3日,05/20(日),14:03,讃岐,0-3,甲府,ピカスタ,"2,259",DAZN
2018,J2 ,第15節第3日,05/20(日),14:03,栃木,0-0,町田,栃木グ,"5,668",DAZN
2018,J2 ,第15節第3日,05/20(日),17:03,愛媛,1-2,京都,ニンスタ,"3,741",DAZN/南海放送(録)
2018,J3 ,第11節第2日,05/20(日),13:03,秋田,1-2,長野,A‐スタ,"2,791",DAZN
2018,J3 ,第11節第2日,05/20(日),13:03,沼津,0-0,福島,愛鷹,"2,829",DAZN
2018,J3 ,第11節第2日,05/20(日),13:03,盛岡,0-4,藤枝,いわスタ,"1,194",DAZN/IBC岩手放送
2018,J3 ,第11節第2日,05/20(日),14:03,北九州,0-4,G大23,ミクスタ,"4,363",DAZN
2018,J3 ,第11節第2日,05/20(日),19:03,群馬,4-1,F東23,正田スタ,"3,385",DAZN/群馬テレビ
2018,J育成マッチデー ,第2日,05/20(日),12:59,岡山,3-3,鳥取,政田,520,None
2018,J2 ,第16節第1日,05/26(土),14:03,甲府,6-2,大分,中銀スタ,"7,639",DAZN
2018,J2 ,第16節第1日,05/26(土),15:03,京都,0-2,横浜FC,西京極,"8,713",DAZN/KBS京都(録)
2018,J2 ,第16節第1日,05/26(土),15:03,岐阜,2-1,新潟,長良川,"7,254",DAZN/岐阜放送(録)
2018,J2 ,第16節第1日,05/26(土),16:03,東京V,0-0,愛媛,味スタ,"4,125",DAZN
2018,J2 ,第16節第1日,05/26(土),16:03,徳島,1-1,松本,鳴門大塚,"5,312",DAZN
2018,J3 ,第8節第3日,05/26(土),14:03,G大23,2-4,F東23,吹田S,"1,596",DAZN
2018,J2 ,第16節第2日,05/27(日),14:03,山形,2-1,金沢,NDスタ,"5,298",DAZN
2018,J2 ,第16節第2日,05/27(日),14:03,水戸,0-2,福岡,Ksスタ,"4,592",DAZN
2018,J2 ,第16節第2日,05/27(日),14:03,栃木,0-1,大宮,栃木グ,"8,354",DAZN
2018,J2 ,第16節第2日,05/27(日),15:03,山口,1-0,讃岐,下関,"5,034",DAZN
2018,J2 ,第16節第2日,05/27(日),15:03,千葉,3-1,熊本,フクアリ,"12,440",DAZN
2018,J2 ,第16節第2日,05/27(日),16:03,町田,1-3,岡山,町田,"4,259",DAZN
2018,J3 ,第12節第1日,06/01(金),19:03,YS横浜,0-0,群馬,ニッパツ,"1,228",DAZN
2018,YLC プレーオフステージ,第1戦,06/02(土),14:03,横浜FM,4-2,神戸,ニッパツ,"8,827",スカパー!/スカパー!プレミアムサービス
2018,YLC プレーオフステージ,第1戦,06/02(土),15:03,甲府,2-0,浦和,中銀スタ,"10,337",フジテレビONE/スカパー!/スカパー!プレミアムサービス
2018,YLC プレーオフステージ,第1戦,06/02(土),16:03,G大阪,1-0,磐田,吹田S,"8,519",フジテレビNEXT/スカパー!/スカパー!プレミアムサービス
2018,YLC プレーオフステージ,第1戦,06/02(土),19:03,湘南,3-0,仙台,BMWス,"8,374",スカパー!/スカパー!プレミアムサービス
2018,J2 ,第17節第1日,06/02(土),14:03,福岡,1-0,徳島,レベスタ,"8,598",DAZN
2018,J2 ,第17節第1日,06/02(土),15:03,岐阜,4-0,水戸,長良川,"7,668",DAZN/岐阜放送(録)
2018,J2 ,第17節第1日,06/02(土),16:03,大宮,2-2,讃岐,NACK,"8,085",DAZN
2018,J2 ,第17節第1日,06/02(土),16:03,町田,2-1,愛媛,町田,"3,610",DAZN
2018,J2 ,第17節第1日,06/02(土),17:03,千葉,2-2,山口,フクアリ,"9,787",DAZN
2018,J2 ,第17節第1日,06/02(土),19:03,金沢,1-3,京都,石川西部,"5,473",DAZN
2018,J2 ,第17節第1日,06/02(土),19:03,岡山,2-2,山形,Cスタ,"10,397",DAZN/テレビせとうち
2018,J3 ,第12節第2日,06/02(土),13:03,鳥取,2-0,秋田,とりスタ,"1,302",DAZN
2018,J3 ,第12節第2日,06/02(土),13:03,藤枝,2-1,相模原,藤枝サ,"1,356",DAZN
2018,J3 ,第12節第2日,06/02(土),14:03,C大23,1-1,G大23,ヤンマー,"4,551",DAZN
2018,J3 ,第12節第2日,06/02(土),18:03,琉球,2-0,長野,沖縄県陸,"2,473",DAZN
2018,J2 ,第17節第2日,06/03(日),13:03,松本,1-0,栃木,松本,"12,334",DAZN/テレビ信州
2018,J2 ,第17節第2日,06/03(日),14:03,大分,2-0,熊本,大銀ド,"8,371",DAZN
2018,J2 ,第17節第2日,06/03(日),14:03,横浜FC,2-2,東京V,ニッパツ,"8,038",DAZN
2018,J3 ,第12節第3日,06/03(日),13:03,富山,3-0,北九州,富山,"2,544",DAZN
2018,J3 ,第12節第3日,06/03(日),13:04,福島,0-0,盛岡,とうスタ,"1,891",DAZN/福島テレビ
2018,J3 ,第12節第3日,06/03(日),14:03,F東23,2-3,鹿児島,味フィ西,"2,563",DAZN
2018,YLC プレーオフステージ,第2戦,06/09(土),14:03,神戸,1-1,横浜FM,ノエスタ,"6,895",スカパー!/スカパー!プレミアムサービス
2018,YLC プレーオフステージ,第2戦,06/09(土),15:03,仙台,3-1,湘南,ユアスタ,"10,215",スカパー!/スカパー!プレミアムサービス
2018,YLC プレーオフステージ,第2戦,06/09(土),16:03,磐田,2-3,G大阪,ヤマハ,"10,518",フジテレビNEXT/スカパー!/スカパー!プレミアムサービス
2018,YLC プレーオフステージ,第2戦,06/09(土),16:03,浦和,2-1,甲府,埼玉,"22,664",フジテレビTWO/スカパー!/スカパー!プレミアムサービス
2018,J2 ,第18節第1日,06/09(土),15:03,京都,0-1,松本,西京極,"8,149",DAZN
2018,J2 ,第18節第1日,06/09(土),19:03,山口,1-0,岡山,みらスタ,"7,902",DAZN
2018,J3 ,第13節第1日,06/09(土),13:03,富山,2-2,YS横浜,富山,"2,694",DAZN
2018,J3 ,第13節第1日,06/09(土),19:03,群馬,1-0,C大23,正田スタ,"4,700",DAZN/群馬テレビ
2018,J2 ,第18節第2日,06/10(日),14:02,新潟,1-2,東京V,デンカS,"14,653",DAZN/新潟テレビ21
2018,J2 ,第18節第2日,06/10(日),14:03,熊本,0-1,福岡,水前寺,"5,118",DAZN
2018,J2 ,第18節第2日,06/10(日),14:03,山形,2-1,千葉,NDスタ,"6,606",DAZN
2018,J2 ,第18節第2日,06/10(日),14:03,栃木,1-2,水戸,栃木グ,"3,960",DAZN
2018,J2 ,第18節第2日,06/10(日),14:03,讃岐,0-1,岐阜,ピカスタ,"2,014",DAZN
2018,J2 ,第18節第2日,06/10(日),16:03,愛媛,1-0,大分,ニンスタ,"2,720",DAZN/南海放送(録)
2018,J2 ,第18節第2日,06/10(日),16:03,徳島,1-2,町田,鳴門大塚,"3,615",DAZN
2018,J2 ,第18節第2日,06/10(日),16:03,大宮,4-0,横浜FC,NACK,"6,506",DAZN
2018,J3 ,第13節第2日,06/10(日),13:03,沼津,0-0,鹿児島,愛鷹,"1,526",DAZN
2018,J3 ,第13節第2日,06/10(日),13:03,長野,0-1,鳥取,長野U,"3,457",DAZN
2018,J3 ,第13節第2日,06/10(日),13:04,盛岡,2-0,北九州,いわスタ,"1,129",DAZN
2018,J3 ,第13節第2日,06/10(日),14:03,相模原,2-5,琉球,ギオンス,"1,917",DAZN
2018,J3 ,第13節第2日,06/10(日),15:03,秋田,0-0,F東23,A‐スタ,"2,811",DAZN
2018,J3 ,第13節第2日,06/10(日),16:03,G大23,1-1,福島,万博,974,DAZN
2018,J2 ,第19節第1日,06/16(土),18:03,東京V,3-1,京都,味スタ,"4,463",DAZN
2018,J2 ,第19節第1日,06/16(土),18:03,松本,1-4,大分,松本,"11,942",DAZN
2018,J2 ,第19節第1日,06/16(土),18:03,水戸,1-2,大宮,Ksスタ,"5,468",DAZN
2018,J2 ,第19節第1日,06/16(土),18:03,甲府,1-2,山形,中銀スタ,"7,755",DAZN
2018,J2 ,第19節第1日,06/16(土),18:03,千葉,2-1,愛媛,フクアリ,"9,020",DAZN
2018,J2 ,第19節第1日,06/16(土),18:03,福岡,0-2,新潟,レベスタ,"9,467",DAZN
2018,J2 ,第19節第1日,06/16(土),19:03,熊本,1-1,讃岐,えがおS,"3,740",DAZN
2018,J2 ,第19節第1日,06/16(土),19:03,徳島,1-2,山口,鳴門大塚,"4,828",DAZN
2018,J2 ,第19節第1日,06/16(土),19:03,金沢,2-0,栃木,石川西部,"5,512",DAZN
2018,J3 ,第14節第1日,06/16(土),13:03,藤枝,0-1,秋田,藤枝サ,891,DAZN
2018,J3 ,第14節第1日,06/16(土),14:03,F東23,1-1,琉球,夢の島,"2,074",DAZN
2018,J3 ,第14節第1日,06/16(土),15:03,盛岡,3-0,長野,いわスタ,"1,239",DAZN
2018,J3 ,第14節第1日,06/16(土),17:03,鳥取,1-0,G大23,とりスタ,"2,456",DAZN
2018,J3 ,第14節第1日,06/16(土),18:03,北九州,2-3,YS横浜,ミクスタ,"4,886",DAZN
2018,J3 ,第14節第1日,06/16(土),19:03,鹿児島,2-1,C大23,白波スタ,"3,901",DAZN
2018,J2 ,第19節第2日,06/17(日),18:03,岐阜,0-1,町田,長良川,"7,784",DAZN/岐阜放送(録)
2018,J2 ,第19節第2日,06/17(日),18:03,岡山,0-0,横浜FC,Cスタ,"9,776",DAZN
2018,J3 ,第14節第2日,06/17(日),14:00,福島,2-2,相模原,とうスタ,"1,223",DAZN/テレビユー福島
2018,J3 ,第14節第2日,06/17(日),15:03,沼津,2-0,群馬,愛鷹,"2,927",DAZN
2018,J育成マッチデー ,第3日,06/18(月),13:00,鳥取,1-2,岡山,チュスタ,132,None
2018,J2 ,第17節第3日,06/20(水),19:03,新潟,1-5,甲府,デンカS,"8,614",DAZN
2018,J2 ,第20節第1日,06/23(土),18:03,松本,4-2,千葉,松本,"11,475",DAZN
2018,J2 ,第20節第1日,06/23(土),18:03,京都,0-3,大宮,西京極,"4,218",DAZN/KBS京都
2018,J2 ,第20節第1日,06/23(土),18:03,東京V,3-0,栃木,味スタ,"4,446",DAZN
2018,J2 ,第20節第1日,06/23(土),18:03,讃岐,1-0,岡山,ピカスタ,"5,668",DAZN
2018,J2 ,第20節第1日,06/23(土),18:05,岐阜,2-2,山口,長良川,"8,317",DAZN/岐阜放送(録)
2018,J2 ,第20節第1日,06/23(土),19:03,山形,3-2,徳島,NDスタ,"6,012",DAZN
2018,J2 ,第20節第1日,06/23(土),19:03,愛媛,0-1,水戸,ニンスタ,"2,449",DAZN/南海放送(録)
2018,J2 ,第20節第1日,06/23(土),19:03,大分,1-0,福岡,大銀ド,"12,056",DAZN
2018,J2 ,第20節第1日,06/23(土),19:04,金沢,0-0,熊本,石川西部,"4,290",DAZN
2018,J3 ,第15節第1日,06/23(土),17:03,YS横浜,0-1,長野,ニッパツ,887,DAZN
2018,J3 ,第15節第1日,06/23(土),17:03,相模原,1-0,F東23,ギオンス,"2,531",DAZN
2018,J3 ,第15節第1日,06/23(土),18:03,富山,1-3,盛岡,富山,"2,227",DAZN
2018,J3 ,第15節第1日,06/23(土),18:03,琉球,1-0,沼津,沖縄県陸,"2,817",DAZN
2018,J3 ,第15節第1日,06/23(土),19:03,C大23,1-2,藤枝,金鳥スタ,710,DAZN
2018,J2 ,第20節第2日,06/24(日),14:03,横浜FC,1-0,甲府,ニッパツ,"9,079",DAZN
2018,J2 ,第20節第2日,06/24(日),18:03,町田,0-0,新潟,町田,"5,009",DAZN
2018,J3 ,第15節第2日,06/24(日),15:03,秋田,1-1,鹿児島,A‐スタ,"2,007",DAZN
2018,J3 ,第15節第2日,06/24(日),15:03,福島,2-2,北九州,とうスタ,"1,713",DAZN
2018,J育成マッチデー ,第4日,06/24(日),,岡山,None,山口,政田,None,None
2018,J2 ,第15節第4日,06/27(水),19:35,岡山,0-1,東京V,Cスタ,"6,709",DAZN
2018,J2 ,第21節第1日,06/30(土),18:03,讃岐,3-1,東京V,ピカスタ,"2,860",DAZN
2018,J2 ,第21節第1日,06/30(土),18:03,福岡,2-2,町田,レベスタ,"8,492",DAZN
2018,J2 ,第21節第1日,06/30(土),18:03,甲府,1-1,京都,中銀スタ,"8,796",DAZN
2018,J2 ,第21節第1日,06/30(土),19:03,熊本,1-3,松本,えがおS,"10,194",DAZN
2018,J2 ,第21節第1日,06/30(土),19:03,大宮,1-1,愛媛,NACK,"9,886",DAZN
2018,J2 ,第21節第1日,06/30(土),19:03,山形,2-0,岐阜,NDスタ,"5,368",DAZN
2018,J2 ,第21節第1日,06/30(土),19:03,徳島,3-0,大分,鳴門大塚,"4,491",DAZN
2018,J2 ,第21節第1日,06/30(土),19:03,新潟,1-1,水戸,デンカS,"15,759",DAZN
2018,J2 ,第21節第1日,06/30(土),19:03,栃木,0-1,千葉,栃木グ,"5,894",DAZN
2018,J3 ,第16節第1日,06/30(土),17:03,藤枝,1-1,F東23,藤枝サ,"1,064",DAZN
2018,J3 ,第16節第1日,06/30(土),17:03,相模原,2-3,G大23,ギオンス,"3,256",DAZN
2018,J3 ,第16節第1日,06/30(土),19:33,北九州,3-0,鳥取,ミクスタ,"3,360",DAZN
2018,J2 ,第21節第2日,07/01(日),18:03,岡山,3-3,金沢,Cスタ,"7,070",DAZN
2018,J2 ,第21節第2日,07/01(日),19:04,山口,0-3,横浜FC,みらスタ,"12,927",DAZN
2018,J3 ,第16節第2日,07/01(日),15:03,盛岡,1-4,琉球,いわスタ,925,DAZN
2018,J3 ,第16節第2日,07/01(日),15:03,沼津,1-1,C大23,愛鷹,"2,379",DAZN
2018,J3 ,第16節第2日,07/01(日),17:03,長野,1-1,福島,長野U,"3,576",DAZN
2018,J3 ,第16節第2日,07/01(日),19:03,群馬,0-1,富山,正田スタ,"2,525",DAZN
2018,J3 ,第16節第2日,07/01(日),19:03,鹿児島,1-1,YS横浜,白波スタ,"4,030",DAZN
2018,J2 ,第18節第3日,07/04(水),19:03,甲府,1-3,金沢,中銀スタ,"3,782",DAZN
2018,J2 ,第22節第1日,07/07(土),18:03,千葉,1-3,大宮,フクアリ,"11,069",DAZN
2018,J2 ,第22節第1日,07/07(土),18:03,横浜FC,1-1,山形,ニッパツ,"7,246",DAZN
2018,J2 ,第22節第1日,07/07(土),18:03,町田,0-1,栃木,町田,"3,627",DAZN
2018,J2 ,第22節第1日,07/07(土),18:03,東京V,0-1,岡山,味スタ,"6,792",DAZN
2018,J2 ,第22節第1日,07/07(土),18:03,松本,2-0,新潟,松本,"14,166",DAZN
2018,J2 ,第22節第1日,07/07(土),18:04,水戸,5-0,讃岐,Ksスタ,"3,884",DAZN
2018,J2 ,第22節第1日,07/07(土),19:03,徳島,1-0,熊本,鳴門大塚,"2,974",DAZN
2018,J2 ,第22節第1日,07/07(土),19:03,大分,2-4,甲府,大銀ド,"7,152",DAZN
2018,J2 ,第22節第1日,07/07(土),19:03,金沢,2-2,山口,石川西部,"2,108",DAZN
2018,J3 ,第17節第1日,07/07(土),15:03,沼津,1-0,YS横浜,愛鷹,"1,271",DAZN
2018,J3 ,第17節第1日,07/07(土),15:03,F東23,2-3,福島,夢の島,"1,131",DAZN
2018,J3 ,第17節第1日,07/07(土),18:03,琉球,3-0,藤枝,沖縄県陸,"7,289",DAZN
2018,J3 ,第17節第1日,07/07(土),19:03,C大23,1-2,盛岡,金鳥スタ,513,DAZN
2018,J2 ,第22節第2日,07/08(日),18:03,岐阜,1-2,愛媛,長良川,"5,787",DAZN
2018,J3 ,第17節第2日,07/08(日),15:03,秋田,1-2,相模原,A‐スタ,"2,391",DAZN/秋田放送
2018,J3 ,第17節第2日,07/08(日),17:03,長野,5-0,富山,長野U,"3,130",DAZN
2018,J2 ,第23節第1日,07/15(日),18:03,千葉,3-4,金沢,フクアリ,"10,003",DAZN
2018,J2 ,第23節第1日,07/15(日),18:03,甲府,1-3,岐阜,中銀スタ,"7,798",DAZN
2018,J2 ,第23節第1日,07/15(日),18:03,福岡,3-1,讃岐,レベスタ,"8,011",DAZN
2018,J2 ,第23節第1日,07/15(日),18:03,東京V,3-1,山口,味スタ,"5,712",DAZN
2018,J2 ,第23節第1日,07/15(日),19:03,新潟,0-1,横浜FC,デンカS,"16,813",DAZN
2018,J2 ,第23節第1日,07/15(日),19:03,愛媛,1-0,徳島,ニンスタ,"5,319",DAZN/南海放送(録)
2018,J2 ,第23節第1日,07/15(日),19:03,栃木,1-0,山形,栃木グ,"6,051",DAZN
2018,J2 ,第23節第1日,07/15(日),19:03,大宮,1-0,大分,NACK,"9,272",DAZN
2018,J3 ,第18節第1日,07/15(日),15:03,盛岡,0-3,相模原,いわスタ,"1,304",DAZN
2018,J3 ,第18節第1日,07/15(日),17:03,YS横浜,0-0,北九州,ニッパツ,"1,231",DAZN
2018,J3 ,第18節第1日,07/15(日),17:03,F東23,1-3,C大23,味フィ西,"1,980",DAZN
2018,J3 ,第18節第1日,07/15(日),19:03,群馬,0-1,長野,正田スタ,"4,301",DAZN/群馬テレビ
2018,J2 ,第23節第2日,07/16(月・祝),18:04,京都,0-1,水戸,西京極,"3,302",DAZN
2018,J2 ,第23節第2日,07/16(月・祝),19:03,熊本,2-3,町田,えがおS,"3,571",DAZN
2018,J2 ,第23節第2日,07/16(月・祝),19:04,岡山,0-0,松本,Cスタ,"7,780",DAZN
2018,J3 ,第18節第2日,07/16(月・祝),15:03,福島,1-1,沼津,あいづ,"1,395",DAZN
2018,J3 ,第18節第2日,07/16(月・祝),15:03,秋田,0-1,琉球,A‐スタ,"1,831",DAZN
2018,J3 ,第18節第2日,07/16(月・祝),17:33,G大23,0-0,鹿児島,吹田S,"1,054",DAZN
2018,J3 ,第18節第2日,07/16(月・祝),18:03,富山,1-0,鳥取,富山,"2,133",DAZN
2018,J1 ,第16節第1日,07/18(水),19:03,広島,4-0,G大阪,Eスタ,"7,835",DAZN
2018,J1 ,第16節第1日,07/18(水),19:03,清水,3-0,C大阪,アイスタ,"9,782",DAZN/静岡放送
2018,J1 ,第16節第1日,07/18(水),19:03,磐田,3-3,鹿島,ヤマハ,"13,577",DAZN/静岡放送
2018,J1 ,第16節第1日,07/18(水),19:03,長崎,0-1,神戸,トラスタ,"9,366",DAZN
2018,J1 ,第16節第1日,07/18(水),19:03,札幌,1-2,川崎F,札幌厚別,"10,711",DAZN/北海道放送
2018,J1 ,第16節第1日,07/18(水),19:04,湘南,1-1,鳥栖,BMWス,"9,229",DAZN
2018,J1 ,第16節第1日,07/18(水),19:04,柏,0-1,FC東京,三協F柏,"11,453",DAZN/NHK BS1
2018,J1 ,第16節第1日,07/18(水),19:04,仙台,2-8,横浜FM,ユアスタ,"13,081",DAZN
2018,J1 ,第16節第1日,07/18(水),19:33,浦和,3-1,名古屋,埼玉,"21,250",DAZN
2018,J2 ,第24節第1日,07/21(土),18:03,甲府,3-2,熊本,中銀スタ,"6,530",DAZN
2018,J2 ,第24節第1日,07/21(土),18:03,福岡,0-0,東京V,レベスタ,"7,294",DAZN
2018,J2 ,第24節第1日,07/21(土),18:03,町田,1-0,金沢,町田,"7,214",DAZN
2018,J2 ,第24節第1日,07/21(土),18:03,松本,1-0,京都,松本,"12,003",DAZN
2018,J2 ,第24節第1日,07/21(土),18:03,横浜FC,3-0,岐阜,ニッパツ,"3,782",DAZN
2018,J2 ,第24節第1日,07/21(土),18:03,讃岐,2-1,千葉,ピカスタ,"2,340",DAZN
2018,J2 ,第24節第1日,07/21(土),19:03,山形,1-2,新潟,NDスタ,"11,101",DAZN
2018,J2 ,第24節第1日,07/21(土),19:03,大分,0-0,栃木,大銀ド,"7,080",DAZN
2018,J2 ,第24節第1日,07/21(土),19:03,徳島,2-1,大宮,鳴門大塚,"5,801",DAZN
2018,J2 ,第24節第1日,07/21(土),19:03,愛媛,2-0,岡山,ニンスタ,"3,135",DAZN/南海放送(録)
2018,J2 ,第24節第1日,07/21(土),19:03,山口,2-2,水戸,みらスタ,"4,909",DAZN
2018,J3 ,第19節第1日,07/21(土),15:03,沼津,2-0,F東23,愛鷹,"1,673",DAZN
2018,J3 ,第19節第1日,07/21(土),17:03,藤枝,0-0,富山,藤枝サ,"1,263",DAZN
2018,J3 ,第19節第1日,07/21(土),17:03,相模原,1-1,福島,ギオンス,"2,229",DAZN
2018,J3 ,第19節第1日,07/21(土),19:03,琉球,1-1,YS横浜,沖縄県陸,"1,289",DAZN
2018,J3 ,第19節第1日,07/21(土),19:03,C大23,0-4,鳥取,ヤンマー,"1,047",DAZN
2018,J1 ,第17節第1日,07/22(日),18:03,名古屋,0-0,広島,豊田ス,"20,244",DAZN
2018,J1 ,第17節第1日,07/22(日),18:03,神戸,0-3,湘南,ノエスタ,"26,146",DAZN/サンテレビ
2018,J1 ,第17節第1日,07/22(日),18:33,鹿島,6-2,柏,カシマ,"24,480",DAZN
2018,J1 ,第17節第1日,07/22(日),19:03,G大阪,1-2,清水,吹田S,"17,542",DAZN
2018,J1 ,第17節第1日,07/22(日),19:03,札幌,0-0,磐田,札幌厚別,"10,723",DAZN/NHK BS1
2018,J1 ,第17節第1日,07/22(日),19:03,川崎F,1-0,長崎,等々力,"22,221",DAZN
2018,J1 ,第17節第1日,07/22(日),19:03,鳥栖,0-1,仙台,ベアスタ,"17,537",DAZN
2018,J1 ,第17節第1日,07/22(日),19:03,C大阪,1-1,浦和,ヤンマー,"27,915",DAZN
2018,J1 ,第17節第1日,07/22(日),19:04,FC東京,5-2,横浜FM,味スタ,"34,126",DAZN/TOKYO MX
2018,J3 ,第19節第2日,07/22(日),15:03,盛岡,2-1,G大23,北上,"3,115",DAZN
2018,J3 ,第19節第2日,07/22(日),17:03,長野,1-2,秋田,長野U,"7,082",DAZN
2018,J3 ,第19節第2日,07/22(日),19:03,鹿児島,0-2,群馬,白波スタ,"4,108",DAZN
2018,J1 ,第14節第3日,07/25(水),19:03,C大阪,0-2,鹿島,ヤンマー,"16,631",DAZN/NHK BS1 ※AFCチャンピオンズリーグ2018の影響により、C大阪vs鹿島は7月25日(水)に開催
2018,J2 ,第25節第1日,07/25(水),19:03,山形,1-0,岡山,NDスタ,"4,675",DAZN
2018,J2 ,第25節第1日,07/25(水),19:03,大分,0-1,愛媛,大銀ド,"4,880",DAZN
2018,J2 ,第25節第1日,07/25(水),19:03,徳島,3-1,福岡,鳴門大塚,"3,787",DAZN
2018,J2 ,第25節第1日,07/25(水),19:03,町田,2-1,京都,町田,"2,549",DAZN
2018,J2 ,第25節第1日,07/25(水),19:03,千葉,2-1,甲府,フクアリ,"8,983",DAZN
2018,J2 ,第25節第1日,07/25(水),19:03,熊本,2-2,山口,えがおS,"3,576",DAZN/熊本放送
2018,J2 ,第25節第1日,07/25(水),19:03,水戸,0-0,栃木,Ksスタ,"5,002",DAZN
2018,J2 ,第25節第1日,07/25(水),19:03,大宮,1-2,松本,NACK,"9,329",DAZN
2018,J2 ,第25節第1日,07/25(水),19:04,金沢,0-0,横浜FC,石川西部,"5,445",DAZN/北陸放送
2018,J2 ,第25節第1日,07/25(水),19:33,東京V,4-3,新潟,味スタ,"4,534",DAZN
2018,J2 ,第25節第1日,07/25(水),19:34,岐阜,2-3,讃岐,長良川,"4,899",DAZN
2018,J1 ,第18節第1日,07/27(金),19:03,FC東京,0-1,長崎,味スタ,"23,063",DAZN
2018,J1 ,第18節第2日,07/28(土),19:03,G大阪,1-1,鹿島,吹田S,"28,534",DAZN
2018,J1 ,第18節第2日,07/28(土),19:03,仙台,2-2,C大阪,ユアスタ,"14,911",DAZN/NHK BS1
2018,J1 ,第18節第2日,07/28(土),19:03,神戸,1-0,柏,ノエスタ,"22,879",DAZN
2018,J1 ,第18節第2日,07/28(土),19:03,鳥栖,0-0,磐田,ベアスタ,"14,333",DAZN
2018,J1 ,第18節第2日,07/28(土),19:03,広島,1-4,浦和,Eスタ,"16,944",DAZN
2018,J1 ,第18節第2日,07/28(土),,名古屋,None,札幌,パロ瑞穂,None,DAZN/中京テレビ(録)
2018,J3 ,第17節第3日,07/28(土),19:03,鳥取,1-2,群馬,とりスタ,"1,511",DAZN
2018,J2 ,第26節第1日,07/29(日),18:03,京都,0-1,東京V,西京極,"4,337",DAZN/KBS京都
2018,J2 ,第26節第1日,07/29(日),18:03,栃木,1-1,金沢,栃木グ,"3,794",DAZN
2018,J2 ,第26節第1日,07/29(日),18:03,新潟,1-2,千葉,デンカS,"13,375",DAZN
2018,J2 ,第26節第1日,07/29(日),18:03,岐阜,0-2,大分,長良川,"6,068",DAZN/岐阜放送(録)
2018,J2 ,第26節第1日,07/29(日),18:03,松本,1-0,甲府,松本,"14,197",DAZN
2018,J2 ,第26節第1日,07/29(日),18:03,水戸,4-1,愛媛,Ksスタ,"3,615",DAZN
2018,J2 ,第26節第1日,07/29(日),19:03,大宮,2-1,熊本,NACK,"7,278",DAZN/テレ玉
2018,J2 ,第26節第1日,07/29(日),,山口,None,町田,みらスタ,None,DAZN
2018,J1 ,第19節第1日,08/01(水),19:03,鹿島,1-2,FC東京,カシマ,"12,643",DAZN
2018,J1 ,第19節第1日,08/01(水),19:03,浦和,2-0,川崎F,埼玉,"28,215",DAZN/NHK BS1/テレ玉
2018,J1 ,第19節第1日,08/01(水),19:03,仙台,1-2,名古屋,ユアスタ,"13,968",DAZN
2018,J1 ,第19節第1日,08/01(水),19:03,長崎,2-3,札幌,トラスタ,"6,579",DAZN
2018,J1 ,第19節第1日,08/01(水),19:03,清水,1-0,鳥栖,アイスタ,"14,307",DAZN
2018,J1 ,第19節第1日,08/01(水),19:03,C大阪,1-1,神戸,金鳥スタ,"14,241",DAZN
2018,J1 ,第19節第1日,08/01(水),19:03,磐田,1-1,G大阪,ヤマハ,"13,015",DAZN
2018,J1 ,第19節第1日,08/01(水),19:33,柏,0-2,湘南,三協F柏,"9,846",DAZN
2018,J1 ,第19節第1日,08/01(水),19:33,横浜FM,1-4,広島,ニッパツ,"10,069",DAZN
2018,J2 ,第27節第1日,08/04(土),18:03,千葉,2-3,松本,フクアリ,"12,336",DAZN
2018,J2 ,第27節第1日,08/04(土),18:03,甲府,1-2,福岡,中銀スタ,"7,064",DAZN
2018,J2 ,第27節第1日,08/04(土),18:03,横浜FC,2-3,町田,ニッパツ,"3,873",DAZN
2018,J2 ,第27節第1日,08/04(土),18:03,京都,1-0,山形,西京極,"3,949",DAZN
2018,J2 ,第27節第1日,08/04(土),18:03,東京V,2-1,大宮,味スタ,"5,350",DAZN
2018,J2 ,第27節第1日,08/04(土),19:03,栃木,4-1,岐阜,栃木グ,"3,763",DAZN
2018,J2 ,第27節第1日,08/04(土),19:03,徳島,1-0,水戸,鳴門大塚,"4,457",DAZN
2018,J2 ,第27節第1日,08/04(土),19:03,愛媛,2-0,山口,ニンスタ,"3,370",DAZN/南海放送(録)
2018,J1 ,第20節第1日,08/05(日),14:03,札幌,1-2,柏,札幌ド,"26,805",DAZN/札幌テレビ放送
2018,J1 ,第20節第1日,08/05(日),18:03,名古屋,3-2,G大阪,豊田ス,"22,615",DAZN
2018,J1 ,第20節第1日,08/05(日),18:33,鹿島,1-0,清水,カシマ,"19,119",DAZN
2018,J1 ,第20節第1日,08/05(日),19:03,鳥栖,1-0,C大阪,ベアスタ,"14,463",DAZN
2018,J1 ,第20節第1日,08/05(日),19:03,FC東京,1-0,神戸,味スタ,"44,801",DAZN/NHK BS1
2018,J1 ,第20節第1日,08/05(日),19:03,磐田,3-2,仙台,ヤマハ,"12,496",DAZN
2018,J1 ,第20節第1日,08/05(日),19:03,川崎F,2-0,横浜FM,等々力,"23,033",DAZN
2018,J1 ,第20節第1日,08/05(日),19:03,浦和,0-0,長崎,埼玉,"29,051",DAZN
2018,J1 ,第20節第1日,08/05(日),19:03,広島,2-2,湘南,Eスタ,"11,304",DAZN
2018,J2 ,第27節第2日,08/05(日),18:04,岡山,3-0,讃岐,Cスタ,"10,594",DAZN
2018,J2 ,第27節第2日,08/05(日),19:03,大分,4-0,新潟,大銀ド,"5,635",DAZN
2018,J2 ,第27節第2日,08/05(日),19:03,熊本,0-1,金沢,えがおS,"3,894",DAZN
2018,J育成マッチデー ,第5日,08/06(月),15:00,広島,1-0,岡山,吉田,234,None
2018,J1 ,第21節第1日,08/10(金),19:03,G大阪,2-1,FC東京,吹田S,"24,879",DAZN
2018,J1 ,第21節第2日,08/11(土・祝),13:03,札幌,1-1,C大阪,札幌ド,"21,614",DAZN/北海道文化放送
2018,J1 ,第21節第2日,08/11(土・祝),18:03,名古屋,4-2,鹿島,豊田ス,"43,579",DAZN
2018,J1 ,第21節第2日,08/11(土・祝),18:03,清水,1-2,川崎F,アイスタ,"18,129",DAZN
2018,J1 ,第21節第2日,08/11(土・祝),19:03,柏,0-2,仙台,三協F柏,"12,666",DAZN
2018,J1 ,第21節第2日,08/11(土・祝),19:03,湘南,0-1,横浜FM,BMWス,"14,862",DAZN
2018,J1 ,第21節第2日,08/11(土・祝),19:03,神戸,2-1,磐田,ノエスタ,"24,731",DAZN
2018,J1 ,第21節第2日,08/11(土・祝),19:03,鳥栖,1-0,浦和,ベアスタ,"19,681",DAZN
2018,J1 ,第21節第2日,08/11(土・祝),19:05,広島,2-0,長崎,Eスタ,"20,285",DAZN/NHK BS1
2018,J2 ,第28節第1日,08/11(土・祝),18:03,山形,2-1,東京V,NDスタ,"13,609",DAZN
2018,J2 ,第28節第1日,08/11(土・祝),18:03,福岡,2-0,水戸,レベスタ,"9,012",DAZN
2018,J2 ,第28節第1日,08/11(土・祝),18:03,讃岐,0-1,松本,ピカスタ,"2,981",DAZN
2018,J2 ,第28節第1日,08/11(土・祝),18:03,岐阜,2-3,京都,長良川,"7,003",DAZN/岐阜放送(録)
2018,J2 ,第28節第1日,08/11(土・祝),19:03,大分,4-1,岡山,大銀ド,"11,064",DAZN
2018,J2 ,第28節第1日,08/11(土・祝),19:03,熊本,3-5,横浜FC,えがおS,"5,423",DAZN
2018,J2 ,第28節第1日,08/11(土・祝),19:03,新潟,0-3,栃木,デンカS,"15,103",DAZN
2018,J2 ,第28節第1日,08/11(土・祝),19:03,金沢,1-2,甲府,石川西部,"4,598",DAZN
2018,J2 ,第28節第2日,08/12(日),19:03,町田,3-3,千葉,町田,"5,075",DAZN
2018,J2 ,第28節第2日,08/12(日),19:04,山口,2-2,徳島,みらスタ,"7,354",DAZN
2018,J2 ,第28節第2日,08/12(日),19:33,愛媛,1-5,大宮,ニンスタ,"3,597",DAZN/南海放送(録)
2018,J1 ,第22節第1日,08/15(水),19:00,仙台,None,湘南,ユアスタ,None,DAZN
2018,J1 ,第22節第1日,08/15(水),19:00,浦和,None,磐田,埼玉,None,DAZN/テレ玉
2018,J1 ,第22節第1日,08/15(水),19:00,FC東京,None,柏,味スタ,None,DAZN
2018,J1 ,第22節第1日,08/15(水),19:00,川崎F,None,鳥栖,等々力,None,DAZN
2018,J1 ,第22節第1日,08/15(水),19:00,G大阪,None,札幌,吹田S,None,DAZN
2018,J1 ,第22節第1日,08/15(水),19:00,C大阪,None,清水,金鳥スタ,None,DAZN
2018,J1 ,第22節第1日,08/15(水),19:00,神戸,None,広島,ノエスタ,None,DAZN
2018,J1 ,第22節第1日,08/15(水),19:00,長崎,None,鹿島,トラスタ,None,DAZN/NHK BS1
2018,J1 ,第22節第1日,08/15(水),19:30,横浜FM,None,名古屋,日産ス,None,DAZN
2018,J2 ,第29節第1日,08/18(土),18:00,水戸,None,千葉,Ksスタ,None,DAZN
2018,J2 ,第29節第1日,08/18(土),18:00,東京V,None,大分,味スタ,None,DAZN
2018,J2 ,第29節第1日,08/18(土),18:00,横浜FC,None,讃岐,ニッパツ,None,DAZN
2018,J2 ,第29節第1日,08/18(土),18:00,甲府,None,愛媛,中銀スタ,None,DAZN
2018,J2 ,第29節第1日,08/18(土),19:00,栃木,None,福岡,栃木グ,None,DAZN
2018,J2 ,第29節第1日,08/18(土),19:00,大宮,None,新潟,NACK,None,DAZN
2018,J2 ,第29節第1日,08/18(土),19:00,松本,None,町田,松本,None,DAZN
2018,J2 ,第29節第1日,08/18(土),19:00,金沢,None,岡山,石川西部,None,DAZN
2018,J2 ,第29節第1日,08/18(土),19:00,山口,None,京都,みらスタ,None,DAZN
2018,J2 ,第29節第1日,08/18(土),19:00,徳島,None,山形,鳴門大塚,None,DAZN
2018,J3 ,第15節第3日,08/18(土),19:00,G大23,None,群馬,吹田S,None,DAZN
2018,J3 ,第17節第4日,08/18(土),18:00,北九州,None,鹿児島,ミクスタ,None,DAZN
2018,J1 ,第23節第1日,08/19(日),13:00,札幌,None,FC東京,札幌ド,None,DAZN/テレビ北海道
2018,J1 ,第23節第1日,08/19(日),18:00,清水,None,浦和,アイスタ,None,DAZN
2018,J1 ,第23節第1日,08/19(日),18:00,名古屋,None,鳥栖,パロ瑞穂,None,DAZN
2018,J1 ,第23節第1日,08/19(日),18:00,長崎,None,C大阪,トラスタ,None,DAZN
2018,J1 ,第23節第1日,08/19(日),18:30,鹿島,None,横浜FM,カシマ,None,DAZN
2018,J1 ,第23節第1日,08/19(日),19:00,仙台,None,G大阪,ユアスタ,None,DAZN
2018,J1 ,第23節第1日,08/19(日),19:00,湘南,None,神戸,BMWス,None,DAZN
2018,J1 ,第23節第1日,08/19(日),19:00,磐田,None,柏,ヤマハ,None,DAZN/NHK BS1
2018,J1 ,第23節第1日,08/19(日),19:00,広島,None,川崎F,Eスタ,None,DAZN
2018,J2 ,第29節第2日,08/19(日),18:00,岐阜,None,熊本,長良川,None,DAZN/岐阜放送(録)
2018,J育成マッチデー ,第6日,08/19(日),14:00,山口,None,鳥取,下関,None,None
2018,J2 ,第26節第2日,08/22(水),19:00,岡山,None,徳島,Cスタ,None,DAZN
2018,J1 ,第24節第1日,08/24(金),19:00,鹿島,None,磐田,カシマ,None,DAZN
2018,J1 ,第24節第2日,08/25(土),19:00,柏,None,長崎,三協F柏,None,DAZN
2018,J1 ,第24節第2日,08/25(土),19:00,川崎F,None,仙台,等々力,None,DAZN
2018,J1 ,第24節第2日,08/25(土),19:00,清水,None,札幌,アイスタ,None,DAZN/NHK BS1
2018,J1 ,第24節第2日,08/25(土),19:00,C大阪,None,広島,ヤンマー,None,DAZN
2018,J2 ,第30節第1日,08/25(土),18:00,千葉,None,東京V,フクアリ,None,DAZN
2018,J2 ,第30節第1日,08/25(土),18:00,松本,None,横浜FC,松本,None,DAZN
2018,J2 ,第30節第1日,08/25(土),18:00,京都,None,甲府,西京極,None,DAZN/KBS京都
2018,J2 ,第30節第1日,08/25(土),18:00,讃岐,None,金沢,ピカスタ,None,DAZN
2018,J2 ,第30節第1日,08/25(土),19:00,山形,None,愛媛,NDスタ,None,DAZN
2018,J2 ,第30節第1日,08/25(土),19:00,大分,None,徳島,大銀ド,None,DAZN
2018,J3 ,第20節第1日,08/25(土),17:00,F東23,None,群馬,味フィ西,None,DAZN
2018,J3 ,第20節第1日,08/25(土),18:00,北九州,None,長野,ミクスタ,None,DAZN
2018,J3 ,第20節第1日,08/25(土),18:00,琉球,None,盛岡,タピスタ,None,DAZN
2018,J3 ,第20節第1日,08/25(土),18:30,富山,None,福島,富山,None,DAZN
2018,J3 ,第20節第1日,08/25(土),19:00,鳥取,None,沼津,とりスタ,None,DAZN
2018,J1 ,第24節第3日,08/26(日),18:00,名古屋,None,浦和,豊田ス,None,DAZN
2018,J1 ,第24節第3日,08/26(日),18:00,神戸,None,横浜FM,ノエスタ,None,DAZN
2018,J1 ,第24節第3日,08/26(日),19:00,湘南,None,FC東京,BMWス,None,DAZN
2018,J1 ,第24節第3日,08/26(日),19:00,鳥栖,None,G大阪,ベアスタ,None,DAZN
2018,J2 ,第30節第2日,08/26(日),18:00,町田,None,岐阜,町田,None,DAZN
2018,J2 ,第30節第2日,08/26(日),18:00,新潟,None,福岡,デンカS,None,DAZN
2018,J2 ,第30節第2日,08/26(日),18:00,岡山,None,水戸,Cスタ,None,DAZN
2018,J2 ,第30節第2日,08/26(日),19:00,大宮,None,山口,NACK,None,DAZN
2018,J2 ,第30節第2日,08/26(日),19:00,熊本,None,栃木,えがおS,None,DAZN
2018,J3 ,第20節第2日,08/26(日),15:00,秋田,None,藤枝,A‐スタ,None,DAZN
2018,J3 ,第20節第2日,08/26(日),19:00,G大23,None,YS横浜,吹田S,None,DAZN
2018,J3 ,第20節第2日,08/26(日),19:00,C大23,None,鹿児島,ヤンマー,None,DAZN
2018,J1 ,第18節第3日,08/29(水),19:30,横浜FM,None,清水,日産ス,None,DAZN
2018,J1 ,第25節第1日,08/31(金),19:00,長崎,None,湘南,トラスタ,None,DAZN
2018,J1 ,第25節第2日,09/01(土),14:00,札幌,None,神戸,札幌ド,None,DAZN/NHK札幌
2018,J1 ,第25節第2日,09/01(土),18:30,横浜FM,None,柏,日産ス,None,DAZN/テレビ神奈川
2018,J1 ,第25節第2日,09/01(土),19:00,仙台,None,清水,ユアスタ,None,DAZN
2018,J1 ,第25節第2日,09/01(土),19:00,浦和,None,C大阪,埼玉,None,DAZN/NHK BS1/テレ玉
2018,J1 ,第25節第2日,09/01(土),19:00,磐田,None,名古屋,ヤマハ,None,DAZN
2018,J1 ,第25節第2日,09/01(土),19:00,G大阪,None,川崎F,吹田S,None,DAZN
2018,J1 ,第25節第2日,09/01(土),19:00,広島,None,鹿島,Eスタ,None,DAZN
2018,J2 ,第31節第1日,09/01(土),18:00,水戸,None,松本,Ksスタ,None,DAZN
2018,J2 ,第31節第1日,09/01(土),18:00,横浜FC,None,京都,ニッパツ,None,DAZN
2018,J2 ,第31節第1日,09/01(土),18:00,甲府,None,町田,中銀スタ,None,DAZN
2018,J2 ,第31節第1日,09/01(土),18:00,岐阜,None,大宮,長良川,None,DAZN
2018,J2 ,第31節第1日,09/01(土),18:00,讃岐,None,徳島,ピカスタ,None,DAZN
2018,J2 ,第31節第1日,09/01(土),18:00,福岡,None,大分,レベスタ,None,DAZN
2018,J2 ,第31節第1日,09/01(土),19:00,山形,None,熊本,NDスタ,None,DAZN
2018,J2 ,第31節第1日,09/01(土),19:00,栃木,None,岡山,栃木グ,None,DAZN
2018,J2 ,第31節第1日,09/01(土),19:00,金沢,None,東京V,石川西部,None,DAZN
2018,J2 ,第31節第1日,09/01(土),19:00,山口,None,千葉,みらスタ,None,DAZN
2018,J2 ,第31節第1日,09/01(土),19:00,愛媛,None,新潟,ニンスタ,None,DAZN/南海放送(録)
2018,J3 ,第21節第1日,09/01(土),18:30,富山,None,F東23,富山,None,DAZN
2018,J1 ,第25節第3日,09/02(日),19:00,FC東京,None,鳥栖,味スタ,None,DAZN
2018,J3 ,第21節第2日,09/02(日),15:00,秋田,None,盛岡,A‐スタ,None,DAZN
2018,J3 ,第21節第2日,09/02(日),15:00,福島,None,C大23,とうスタ,None,DAZN
2018,J3 ,第21節第2日,09/02(日),15:00,沼津,None,北九州,愛鷹,None,DAZN
2018,J3 ,第21節第2日,09/02(日),15:00,鳥取,None,相模原,チュスタ,None,DAZN
2018,J3 ,第21節第2日,09/02(日),17:00,YS横浜,None,鹿児島,ニッパツ,None,DAZN
2018,J3 ,第21節第2日,09/02(日),17:00,藤枝,None,琉球,藤枝サ,None,DAZN
2018,J3 ,第21節第2日,09/02(日),19:00,群馬,None,G大23,正田スタ,None,DAZN/群馬テレビ
2018,YLC プライムステージ,準々決勝 第1戦,09/05(水),19:00,鹿島,None,川崎F,カシマ,None,フジテレビNEXT/スカパー!/スカパー!プレミアムサービス
2018,YLC プライムステージ,準々決勝 第1戦,09/05(水),19:00,湘南,None,C大阪,BMWス,None,スカパー!/スカパー!プレミアムサービス
2018,YLC プライムステージ,準々決勝 第1戦,09/05(水),19:00,甲府,None,柏,中銀スタ,None,スカパー!/スカパー!プレミアムサービス
2018,YLC プライムステージ,準々決勝 第1戦,09/05(水),19:00,G大阪,None,横浜FM,吹田S,None,フジテレビTWO/スカパー!/スカパー!プレミアムサービス
2018,J2 ,第32節第1日,09/08(土),18:00,東京V,None,横浜FC,味スタ,None,DAZN
2018,J2 ,第32節第1日,09/08(土),18:00,福岡,None,松本,レベスタ,None,DAZN
2018,J2 ,第32節第1日,09/08(土),18:00,熊本,None,大分,えがおS,None,DAZN
2018,J2 ,第32節第1日,09/08(土),19:00,新潟,None,岐阜,デンカS,None,DAZN
2018,J2 ,第32節第1日,09/08(土),19:00,京都,None,金沢,西京極,None,DAZN/KBS京都
2018,J2 ,第32節第1日,09/08(土),19:00,徳島,None,栃木,鳴門大塚,None,DAZN
2018,J2 ,第32節第1日,09/08(土),19:00,愛媛,None,讃岐,ニンスタ,None,DAZN/南海放送(録)
2018,J3 ,第22節第1日,09/08(土),17:00,YS横浜,None,沼津,ニッパツ,None,DAZN
2018,J3 ,第22節第1日,09/08(土),17:00,相模原,None,秋田,ギオンス,None,DAZN
2018,J3 ,第22節第1日,09/08(土),18:00,北九州,None,富山,ミクスタ,None,DAZN
2018,J3 ,第22節第1日,09/08(土),19:00,鹿児島,None,福島,白波スタ,None,DAZN
2018,J3 ,第22節第1日,09/08(土),19:00,琉球,None,F東23,タピスタ,None,DAZN
2018,J3 ,第22節第1日,09/08(土),19:00,C大23,None,群馬,金鳥スタ,None,DAZN
2018,YLC プライムステージ,準々決勝 第2戦,09/09(日),19:00,柏,None,甲府,三協F柏,None,スカパー!/スカパー!プレミアムサービス
2018,YLC プライムステージ,準々決勝 第2戦,09/09(日),19:00,川崎F,None,鹿島,味スタ,None,フジテレビONE/スカパー!/スカパー!プレミアムサービス
2018,YLC プライムステージ,準々決勝 第2戦,09/09(日),19:00,横浜FM,None,G大阪,日産ス,None,フジテレビTWO/スカパー!/スカパー!プレミアムサービス
2018,YLC プライムステージ,準々決勝 第2戦,09/09(日),19:00,C大阪,None,湘南,ヤンマー,None,スカパー!/スカパー!プレミアムサービス
2018,J2 ,第32節第2日,09/09(日),18:00,町田,None,水戸,町田,None,DAZN
2018,J2 ,第32節第2日,09/09(日),18:00,岡山,None,千葉,Cスタ,None,DAZN
2018,J2 ,第32節第2日,09/09(日),19:00,山口,None,山形,みらスタ,None,DAZN
2018,J3 ,第22節第2日,09/09(日),15:00,盛岡,None,鳥取,いわスタ,None,DAZN
2018,J3 ,第22節第2日,09/09(日),17:00,長野,None,藤枝,長野U,None,DAZN
2018,J2 ,第26節第3日,09/12(水),19:00,福岡,None,横浜FC,レベスタ,None,DAZN
2018,J3 ,第3節第2日,09/12(水),19:00,相模原,None,沼津,ギオンス,None,DAZN
2018,J1 ,第26節第1日,09/14(金),19:00,鹿島,None,湘南,カシマ,None,DAZN
2018,J1 ,第26節第1日,09/14(金),19:00,C大阪,None,磐田,金鳥スタ,None,DAZN
2018,J1 ,第26節第2日,09/15(土),14:00,仙台,None,FC東京,ユアスタ,None,DAZN/NHK仙台
2018,J1 ,第26節第2日,09/15(土),17:00,鳥栖,None,広島,ベアスタ,None,DAZN
2018,J1 ,第26節第2日,09/15(土),18:00,名古屋,None,長崎,パロ瑞穂,None,DAZN
2018,J1 ,第26節第2日,09/15(土),19:00,柏,None,清水,三協F柏,None,DAZN
2018,J1 ,第26節第2日,09/15(土),19:00,川崎F,None,札幌,等々力,None,DAZN
2018,J1 ,第26節第2日,09/15(土),19:00,神戸,None,G大阪,ノエスタ,None,DAZN/NHK BS1
2018,J2 ,第33節第1日,09/15(土),13:00,松本,None,山口,松本,None,DAZN/長野朝日放送
2018,J2 ,第33節第1日,09/15(土),18:00,大宮,None,町田,熊谷陸,None,DAZN
2018,J2 ,第33節第1日,09/15(土),19:00,山形,None,甲府,NDスタ,None,DAZN
2018,J2 ,第33節第1日,09/15(土),19:00,栃木,None,愛媛,栃木グ,None,DAZN
2018,J2 ,第33節第1日,09/15(土),19:00,新潟,None,金沢,デンカS,None,DAZN
2018,J2 ,第33節第1日,09/15(土),19:00,岡山,None,京都,Cスタ,None,DAZN
2018,J2 ,第33節第1日,09/15(土),19:00,徳島,None,岐阜,鳴門大塚,None,DAZN
2018,J2 ,第33節第1日,09/15(土),19:00,大分,None,讃岐,大銀ド,None,DAZN
2018,J3 ,第23節第1日,09/15(土),15:00,秋田,None,鳥取,A‐スタ,None,DAZN
2018,J3 ,第23節第1日,09/15(土),18:00,G大23,None,琉球,吹田S,None,DAZN
2018,J3 ,第23節第1日,09/15(土),19:00,鹿児島,None,北九州,白波スタ,None,DAZN
2018,J1 ,第26節第3日,09/16(日),16:00,横浜FM,None,浦和,日産ス,None,DAZN
2018,J2 ,第33節第2日,09/16(日),14:00,横浜FC,None,水戸,ニッパツ,None,DAZN
2018,J2 ,第33節第2日,09/16(日),16:00,東京V,None,熊本,味スタ,None,DAZN
2018,J2 ,第33節第2日,09/16(日),17:00,千葉,None,福岡,フクアリ,None,DAZN
2018,J3 ,第23節第2日,09/16(日),13:00,盛岡,None,沼津,いわスタ,None,DAZN
2018,J3 ,第23節第2日,09/16(日),14:00,富山,None,群馬,富山,None,DAZN
2018,J3 ,第23節第2日,09/16(日),14:00,F東23,None,相模原,夢の島,None,DAZN
2018,J3 ,第23節第2日,09/16(日),15:00,福島,None,長野,とうスタ,None,DAZN
2018,J3 ,第23節第2日,09/16(日),17:00,藤枝,None,C大23,藤枝サ,None,DAZN
2018,J2 ,第26節第4日,09/19(水),19:00,讃岐,None,山形,ピカスタ,None,DAZN
2018,J2 ,第32節第3日,09/19(水),19:00,甲府,None,大宮,中銀スタ,None,DAZN
2018,J1 ,第27節第1日,09/21(金),19:30,清水,None,G大阪,アイスタ,None,DAZN
2018,J3 ,第24節第1日,09/21(金),19:00,群馬,None,盛岡,正田スタ,None,DAZN
2018,J1 ,第27節第2日,09/22(土),15:00,柏,None,鳥栖,三協F柏,None,DAZN
2018,J1 ,第27節第2日,09/22(土),16:00,磐田,None,横浜FM,ヤマハ,None,DAZN
2018,J1 ,第27節第2日,09/22(土),18:00,長崎,None,仙台,トラスタ,None,DAZN
2018,J1 ,第27節第2日,09/22(土),19:00,川崎F,None,名古屋,等々力,None,DAZN
2018,J1 ,第27節第2日,09/22(土),19:00,湘南,None,C大阪,BMWス,None,DAZN
2018,J1 ,第27節第2日,09/22(土),19:00,広島,None,FC東京,Eスタ,None,DAZN/NHK BS1
2018,J2 ,第34節第1日,09/22(土),16:00,町田,None,徳島,町田,None,DAZN
2018,J2 ,第34節第1日,09/22(土),17:00,京都,None,栃木,西京極,None,DAZN
2018,J2 ,第34節第1日,09/22(土),18:30,甲府,None,岡山,中銀スタ,None,DAZN
2018,J2 ,第34節第1日,09/22(土),19:00,山口,None,大分,みらスタ,None,DAZN
2018,J2 ,第34節第1日,09/22(土),19:00,愛媛,None,福岡,ニンスタ,None,DAZN/南海放送(録)
2018,J3 ,第24節第2日,09/22(土),13:00,沼津,None,藤枝,愛鷹,None,DAZN
2018,J3 ,第24節第2日,09/22(土),18:00,鳥取,None,F東23,とりスタ,None,DAZN
2018,J3 ,第24節第2日,09/22(土),18:00,北九州,None,C大23,ミクスタ,None,DAZN
2018,J3 ,第24節第2日,09/22(土),19:00,琉球,None,鹿児島,タピスタ,None,DAZN
2018,J1 ,第27節第3日,09/23(日・祝),18:00,浦和,None,神戸,埼玉,None,DAZN/テレ玉
2018,J1 ,第27節第3日,09/23(日・祝),19:00,札幌,None,鹿島,札幌ド,None,DAZN
2018,J2 ,第34節第2日,09/23(日・祝),14:00,水戸,None,新潟,Ksスタ,None,DAZN
2018,J2 ,第34節第2日,09/23(日・祝),14:00,松本,None,熊本,松本,None,DAZN/信越放送
2018,J2 ,第34節第2日,09/23(日・祝),14:00,岐阜,None,東京V,長良川,None,DAZN
2018,J2 ,第34節第2日,09/23(日・祝),14:00,讃岐,None,大宮,ピカスタ,None,DAZN
2018,J2 ,第34節第2日,09/23(日・祝),15:00,千葉,None,横浜FC,フクアリ,None,DAZN
2018,J3 ,第24節第3日,09/23(日・祝),13:00,秋田,None,G大23,秋田陸,None,DAZN
2018,J3 ,第24節第3日,09/23(日・祝),14:00,福島,None,YS横浜,BMWス,None,DAZN
2018,J3 ,第24節第3日,09/23(日・祝),17:00,長野,None,相模原,長野U,None,DAZN
2018,J2 ,第34節第3日,09/24(月・休),15:00,金沢,None,山形,石川西部,None,DAZN
2018,J1 ,第18節第4日,09/26(水),19:30,湘南,None,川崎F,BMWス,None,DAZN ※8月22日(水)に開催予定の天皇杯ラウンド16の同カードの試合が延期になった場合は、9月26日(水)に天皇杯が開催されます。その場合は、10月3日(水)19:30キックオフ@Shonan BMW スタジアム平塚で開催となります。
2018,J2 ,第22節第3日,09/26(水),19:00,京都,None,福岡,西京極,None,DAZN
2018,J1 ,第28節第1日,09/29(土),13:00,札幌,None,鳥栖,札幌ド,None,DAZN
2018,J1 ,第28節第1日,09/29(土),14:00,横浜FM,None,仙台,ニッパツ,None,DAZN
2018,J1 ,第28節第1日,09/29(土),16:00,G大阪,None,広島,吹田S,None,DAZN
2018,J1 ,第28節第1日,09/29(土),16:00,神戸,None,鹿島,ノエスタ,None,DAZN/サンテレビ
2018,J1 ,第28節第1日,09/29(土),17:00,FC東京,None,清水,味スタ,None,DAZN
2018,J1 ,第28節第1日,09/29(土),19:00,長崎,None,川崎F,トラスタ,None,DAZN/NHK BS1
2018,J2 ,第35節第1日,09/29(土),16:00,水戸,None,大分,Ksスタ,None,DAZN
2018,J2 ,第35節第1日,09/29(土),18:00,愛媛,None,千葉,ニンスタ,None,DAZN/南海放送(録)
2018,J2 ,第35節第1日,09/29(土),18:00,福岡,None,大宮,レベスタ,None,DAZN
2018,J2 ,第35節第1日,09/29(土),19:00,岡山,None,新潟,Cスタ,None,DAZN/テレビせとうち
2018,J3 ,第25節第1日,09/29(土),13:00,YS横浜,None,富山,BMWス,None,DAZN
2018,J3 ,第25節第1日,09/29(土),18:00,北九州,None,藤枝,ミクスタ,None,DAZN
2018,J3 ,第25節第1日,09/29(土),19:00,鹿児島,None,秋田,白波スタ,None,DAZN
2018,J3 ,第25節第1日,09/29(土),19:00,C大23,None,長野,ヤンマー,None,DAZN
2018,J1 ,第28節第2日,09/30(日),14:00,浦和,None,柏,埼玉,None,DAZN/テレ玉
2018,J1 ,第28節第2日,09/30(日),15:00,磐田,None,湘南,ヤマハ,None,DAZN/静岡放送
2018,J1 ,第28節第2日,09/30(日),16:00,C大阪,None,名古屋,ヤンマー,None,DAZN
2018,J2 ,第35節第2日,09/30(日),14:00,山形,None,松本,NDスタ,None,DAZN
2018,J2 ,第35節第2日,09/30(日),14:00,栃木,None,東京V,栃木グ,None,DAZN
2018,J2 ,第35節第2日,09/30(日),14:00,横浜FC,None,山口,ニッパツ,None,DAZN
2018,J2 ,第35節第2日,09/30(日),14:00,金沢,None,岐阜,石川西部,None,DAZN
2018,J2 ,第35節第2日,09/30(日),14:00,讃岐,None,町田,ピカスタ,None,DAZN
2018,J2 ,第35節第2日,09/30(日),16:00,徳島,None,甲府,鳴門大塚,None,DAZN
2018,J2 ,第35節第2日,09/30(日),16:00,熊本,None,京都,えがおS,None,DAZN
2018,J3 ,第25節第2日,09/30(日),13:00,盛岡,None,福島,いわスタ,None,DAZN
2018,J3 ,第25節第2日,09/30(日),13:00,相模原,None,群馬,ギオンス,None,DAZN
2018,J3 ,第25節第2日,09/30(日),13:00,沼津,None,琉球,愛鷹,None,DAZN
2018,J3 ,第25節第2日,09/30(日),13:00,F東23,None,G大23,味フィ西,None,DAZN
2018,J1 ,第29節第1日,10/05(金),19:30,横浜FM,None,札幌,日産ス,None,DAZN
2018,J1 ,第29節第2日,10/06(土),14:00,C大阪,None,G大阪,ヤンマー,None,DAZN/NHK大阪
2018,J1 ,第29節第2日,10/06(土),14:00,広島,None,柏,Eスタ,None,DAZN/NHK広島
2018,J1 ,第29節第2日,10/06(土),19:00,神戸,None,長崎,ノエスタ,None,DAZN/NHK BS1
2018,J1 ,第29節第2日,10/06(土),19:00,鳥栖,None,湘南,ベアスタ,None,DAZN
2018,J2 ,第36節第1日,10/06(土),14:00,松本,None,愛媛,松本,None,DAZN
2018,J2 ,第36節第1日,10/06(土),14:00,新潟,None,讃岐,デンカS,None,DAZN/NHK新潟
2018,J2 ,第36節第1日,10/06(土),14:00,福岡,None,岡山,レベスタ,None,DAZN/九州朝日放送
2018,J2 ,第36節第1日,10/06(土),15:00,東京V,None,甲府,味スタ,None,DAZN
2018,J2 ,第36節第1日,10/06(土),16:00,大宮,None,水戸,NACK,None,DAZN
2018,J3 ,第26節第1日,10/06(土),18:00,琉球,None,北九州,タピスタ,None,DAZN
2018,J1 ,第29節第3日,10/07(日),13:00,鹿島,None,川崎F,カシマ,None,DAZN/NHK水戸
2018,J1 ,第29節第3日,10/07(日),13:05,仙台,None,浦和,ユアスタ,None,DAZN/NHK仙台
2018,J1 ,第29節第3日,10/07(日),15:00,清水,None,磐田,アイスタ,None,DAZN/静岡放送
2018,J1 ,第29節第3日,10/07(日),16:00,名古屋,None,FC東京,豊田ス,None,DAZN
2018,J2 ,第36節第2日,10/07(日),14:00,栃木,None,横浜FC,栃木グ,None,DAZN/とちぎテレビ(録)
2018,J2 ,第36節第2日,10/07(日),14:00,山口,None,岐阜,下関,None,DAZN
2018,J2 ,第36節第2日,10/07(日),14:00,徳島,None,金沢,鳴門大塚,None,DAZN
2018,J2 ,第36節第2日,10/07(日),14:00,大分,None,京都,大銀ド,None,DAZN
2018,J2 ,第36節第2日,10/07(日),15:00,熊本,None,千葉,えがおS,None,DAZN
2018,J2 ,第36節第2日,10/07(日),16:00,町田,None,山形,町田,None,DAZN
2018,J3 ,第26節第2日,10/07(日),13:00,秋田,None,群馬,A‐スタ,None,DAZN
2018,J3 ,第26節第2日,10/07(日),13:00,福島,None,F東23,とうスタ,None,DAZN
2018,J3 ,第26節第2日,10/07(日),13:00,長野,None,鹿児島,長野U,None,DAZN
2018,J3 ,第26節第2日,10/07(日),13:00,藤枝,None,盛岡,藤枝サ,None,DAZN
2018,J3 ,第26節第2日,10/07(日),14:00,富山,None,相模原,富山,None,DAZN
2018,J3 ,第26節第2日,10/07(日),14:00,G大23,None,鳥取,吹田S,None,DAZN
2018,J3 ,第26節第2日,10/07(日),14:00,C大23,None,YS横浜,ヤンマー,None,DAZN
2018,J2 ,第37節第1日,10/13(土),15:00,岐阜,None,岡山,長良川,None,DAZN
2018,J2 ,第37節第1日,10/13(土),15:00,愛媛,None,横浜FC,ニンスタ,None,DAZN/南海放送(録)
2018,J2 ,第37節第1日,10/13(土),15:30,山口,None,福岡,みらスタ,None,DAZN/山口朝日放送
2018,J2 ,第37節第1日,10/13(土),16:00,大宮,None,栃木,NACK,None,DAZN
2018,J2 ,第37節第1日,10/13(土),16:00,甲府,None,新潟,中銀スタ,None,DAZN ※2018JリーグYBCルヴァンカップにおいて出場クラブが準決勝に進出した場合、10月17日(水)19:00@中銀スタに変更となる可能性があります
2018,J2 ,第37節第1日,10/13(土),17:00,京都,None,徳島,西京極,None,DAZN
2018,J3 ,第27節第1日,10/13(土),13:00,藤枝,None,G大23,藤枝サ,None,DAZN
2018,J3 ,第27節第1日,10/13(土),17:00,相模原,None,北九州,ギオンス,None,DAZN
2018,J3 ,第27節第1日,10/13(土),18:00,琉球,None,福島,タピスタ,None,DAZN
2018,J2 ,第37節第2日,10/14(日),14:00,水戸,None,東京V,Ksスタ,None,DAZN
2018,J2 ,第37節第2日,10/14(日),14:00,金沢,None,松本,石川西部,None,DAZN
2018,J2 ,第37節第2日,10/14(日),14:00,讃岐,None,熊本,ピカスタ,None,DAZN
2018,J2 ,第37節第2日,10/14(日),15:00,千葉,None,山形,フクアリ,None,DAZN
2018,J2 ,第37節第2日,10/14(日),15:00,町田,None,大分,町田,None,DAZN
2018,J3 ,第27節第2日,10/14(日),13:00,盛岡,None,富山,いわスタ,None,DAZN
2018,J3 ,第27節第2日,10/14(日),13:00,長野,None,YS横浜,長野U,None,DAZN
2018,J3 ,第27節第2日,10/14(日),13:00,鳥取,None,鹿児島,とりスタ,None,DAZN
2018,J3 ,第27節第2日,10/14(日),14:00,F東23,None,秋田,夢の島,None,DAZN
2018,J3 ,第27節第2日,10/14(日),19:30,群馬,None,沼津,正田スタ,None,DAZN
2018,J1 ,第30節第1日,10/19(金),19:30,柏,None,名古屋,三協F柏,None,DAZN
2018,J2 ,第38節第1日,10/19(金),19:00,金沢,None,愛媛,石川西部,None,DAZN
2018,J1 ,第30節第2日,10/20(土),14:00,仙台,None,鳥栖,ユアスタ,None,DAZN
2018,J1 ,第30節第2日,10/20(土),14:00,清水,None,広島,アイスタ,None,DAZN
2018,J1 ,第30節第2日,10/20(土),15:00,G大阪,None,横浜FM,吹田S,None,DAZN
2018,J1 ,第30節第2日,10/20(土),16:00,浦和,None,鹿島,埼玉,None,DAZN/テレ玉
2018,J1 ,第30節第2日,10/20(土),16:00,湘南,None,札幌,BMWス,None,DAZN
2018,J1 ,第30節第2日,10/20(土),19:00,FC東京,None,C大阪,味スタ,None,DAZN
2018,J1 ,第30節第2日,10/20(土),19:00,川崎F,None,神戸,等々力,None,DAZN
2018,J2 ,第38節第2日,10/20(土),15:00,京都,None,新潟,西京極,None,DAZN/KBS京都(録)
2018,J3 ,第28節第1日,10/20(土),13:00,YS横浜,None,藤枝,ニッパツ,None,DAZN
2018,J3 ,第28節第1日,10/20(土),18:00,鳥取,None,琉球,とりスタ,None,DAZN
2018,J3 ,第28節第1日,10/20(土),19:00,鹿児島,None,盛岡,白波スタ,None,DAZN/鹿児島読売テレビ(録)
2018,J1 ,第30節第3日,10/21(日),16:00,長崎,None,磐田,トラスタ,None,DAZN
2018,J2 ,第38節第3日,10/21(日),13:00,山形,None,福岡,NDスタ,None,DAZN/NHK山形
2018,J2 ,第38節第3日,10/21(日),14:00,水戸,None,熊本,Ksスタ,None,DAZN
2018,J2 ,第38節第3日,10/21(日),14:00,栃木,None,甲府,栃木グ,None,DAZN
2018,J2 ,第38節第3日,10/21(日),14:00,東京V,None,徳島,味スタ,None,DAZN
2018,J2 ,第38節第3日,10/21(日),14:00,横浜FC,None,大宮,ニッパツ,None,DAZN
2018,J2 ,第38節第3日,10/21(日),14:00,松本,None,岐阜,松本,None,DAZN
2018,J2 ,第38節第3日,10/21(日),14:00,讃岐,None,山口,ピカスタ,None,DAZN
2018,J2 ,第38節第3日,10/21(日),15:00,千葉,None,大分,フクアリ,None,DAZN
2018,J2 ,第38節第3日,10/21(日),16:00,岡山,None,町田,Cスタ,None,DAZN
2018,J3 ,第28節第2日,10/21(日),13:00,相模原,None,C大23,ギオンス,None,DAZN
2018,J3 ,第28節第2日,10/21(日),13:00,沼津,None,G大23,愛鷹,None,DAZN
2018,J3 ,第28節第2日,10/21(日),14:00,群馬,None,福島,正田スタ,None,DAZN/群馬テレビ(録)
2018,J3 ,第28節第2日,10/21(日),14:00,富山,None,長野,富山,None,DAZN
2018,J3 ,第28節第2日,10/21(日),14:00,北九州,None,F東23,ミクスタ,None,DAZN
2018,J2 ,第39節第1日,10/28(日),14:00,山形,None,水戸,NDスタ,None,DAZN
2018,J2 ,第39節第1日,10/28(日),14:00,新潟,None,町田,デンカS,None,DAZN
2018,J2 ,第39節第1日,10/28(日),14:00,岐阜,None,千葉,長良川,None,DAZN
2018,J2 ,第39節第1日,10/28(日),14:00,徳島,None,横浜FC,鳴門大塚,None,DAZN
2018,J2 ,第39節第1日,10/28(日),14:00,福岡,None,金沢,レベスタ,None,DAZN/RKB毎日放送
2018,J2 ,第39節第1日,10/28(日),14:00,大分,None,松本,大銀ド,None,DAZN
2018,J2 ,第39節第1日,10/28(日),15:00,山口,None,栃木,みらスタ,None,DAZN
2018,J2 ,第39節第1日,10/28(日),15:00,熊本,None,岡山,えがおS,None,DAZN
2018,J2 ,第39節第1日,10/28(日),16:00,大宮,None,京都,NACK,None,DAZN
2018,J2 ,第39節第1日,10/28(日),16:00,甲府,None,讃岐,中銀スタ,None,DAZN ※2018JリーグYBCルヴァンカップにおいて出場クラブが決勝に進出した場合、10月31日(水)19:00@中銀スタに変更となる可能性があります
2018,J2 ,第39節第1日,10/28(日),17:00,愛媛,None,東京V,ニンスタ,None,DAZN/南海放送(録)
2018,J3 ,第29節第1日,10/28(日),13:00,福島,None,鳥取,とうスタ,None,DAZN
2018,J3 ,第29節第1日,10/28(日),13:00,YS横浜,None,秋田,ニッパツ,None,DAZN
2018,J3 ,第29節第1日,10/28(日),13:00,長野,None,琉球,長野U,None,DAZN
2018,J3 ,第29節第1日,10/28(日),13:00,鹿児島,None,富山,白波スタ,None,DAZN
2018,J3 ,第29節第1日,10/28(日),14:00,北九州,None,盛岡,ミクスタ,None,DAZN
2018,J3 ,第29節第1日,10/28(日),14:00,G大23,None,相模原,吹田S,None,DAZN
2018,J3 ,第29節第1日,10/28(日),14:00,C大23,None,沼津,金鳥スタ,None,DAZN
2018,J3 ,第29節第1日,10/28(日),15:00,F東23,None,藤枝,味フィ西,None,DAZN
2018,J1 ,第31節第1日,11/02(金),19:00,湘南,None,清水,BMWス,None,DAZN
2018,J1 ,第31節第2日,11/03(土・祝),14:00,鹿島,None,C大阪,カシマ,None,DAZN ※AFCチャンピオンズリーグ2018において出場クラブが準決勝に進出した場合、10月31日(水)19:00@カシマに変更となる可能性があります
2018,J1 ,第31節第2日,11/03(土・祝),14:00,川崎F,None,柏,等々力,None,DAZN
2018,J1 ,第31節第2日,11/03(土・祝),14:00,横浜FM,None,FC東京,日産ス,None,DAZN
2018,J1 ,第31節第2日,11/03(土・祝),14:00,磐田,None,広島,ヤマハ,None,DAZN
2018,J1 ,第31節第2日,11/03(土・祝),14:00,名古屋,None,神戸,豊田ス,None,DAZN/NHK名古屋
2018,J1 ,第31節第2日,11/03(土・祝),16:00,浦和,None,G大阪,埼玉,None,DAZN/テレ玉
2018,J2 ,第40節第1日,11/03(土・祝),14:00,新潟,None,熊本,デンカS,None,DAZN
2018,J3 ,第30節第1日,11/03(土・祝),13:00,盛岡,None,F東23,いわスタ,None,DAZN
2018,J3 ,第30節第1日,11/03(土・祝),13:00,藤枝,None,福島,藤枝サ,None,DAZN
2018,J3 ,第30節第1日,11/03(土・祝),18:00,琉球,None,群馬,タピスタ,None,DAZN
2018,J1 ,第31節第3日,11/04(日),14:00,札幌,None,仙台,●未定●,None,DAZN ※札幌ドーム or 札幌厚別公園競技場で開催予定
2018,J1 ,第31節第3日,11/04(日),16:00,鳥栖,None,長崎,ベアスタ,None,DAZN
2018,J2 ,第40節第2日,11/04(日),13:00,水戸,None,甲府,Ksスタ,None,DAZN/NHK水戸
2018,J2 ,第40節第2日,11/04(日),13:00,金沢,None,大宮,石川西部,None,DAZN/NHK金沢
2018,J2 ,第40節第2日,11/04(日),14:00,千葉,None,徳島,フクアリ,None,DAZN
2018,J2 ,第40節第2日,11/04(日),14:00,町田,None,福岡,町田,None,DAZN
2018,J2 ,第40節第2日,11/04(日),14:00,横浜FC,None,大分,ニッパツ,None,DAZN
2018,J2 ,第40節第2日,11/04(日),14:00,松本,None,東京V,松本,None,DAZN/NHK長野
2018,J2 ,第40節第2日,11/04(日),14:00,岐阜,None,山形,長良川,None,DAZN
2018,J2 ,第40節第2日,11/04(日),14:00,讃岐,None,栃木,ピカスタ,None,DAZN
2018,J2 ,第40節第2日,11/04(日),15:00,京都,None,愛媛,西京極,None,DAZN
2018,J2 ,第40節第2日,11/04(日),19:00,岡山,None,山口,Cスタ,None,DAZN
2018,J3 ,第30節第2日,11/04(日),13:00,秋田,None,C大23,秋田陸,None,DAZN
2018,J3 ,第30節第2日,11/04(日),13:00,相模原,None,YS横浜,ギオンス,None,DAZN
2018,J3 ,第30節第2日,11/04(日),13:00,沼津,None,長野,愛鷹,None,DAZN
2018,J3 ,第30節第2日,11/04(日),13:00,鳥取,None,北九州,チュスタ,None,DAZN
2018,J3 ,第30節第2日,11/04(日),14:00,G大23,None,富山,吹田S,None,DAZN
2018,J1 ,第32節第1日,11/10(土),14:00,札幌,None,浦和,札幌厚別,None,DAZN
2018,J1 ,第32節第1日,11/10(土),14:00,柏,None,鹿島,三協F柏,None,DAZN ※AFCチャンピオンズリーグ2018において出場クラブが決勝に進出した場合、11月6日(火)19:00@三協F柏に変更となる可能性があります
2018,J1 ,第32節第1日,11/10(土),14:00,FC東京,None,磐田,味スタ,None,DAZN
2018,J1 ,第32節第1日,11/10(土),14:00,清水,None,名古屋,アイスタ,None,DAZN/NHK静岡
2018,J1 ,第32節第1日,11/10(土),14:00,C大阪,None,川崎F,ヤンマー,None,DAZN
2018,J1 ,第32節第1日,11/10(土),14:00,神戸,None,鳥栖,ノエスタ,None,DAZN/サンテレビ(録)
2018,J1 ,第32節第1日,11/10(土),14:00,広島,None,仙台,Eスタ,None,DAZN
2018,J1 ,第32節第1日,11/10(土),14:00,長崎,None,横浜FM,トラスタ,None,DAZN/長崎国際テレビ
2018,J1 ,第32節第1日,11/10(土),15:00,G大阪,None,湘南,吹田S,None,DAZN
2018,J2 ,第41節第1日,11/10(土),14:00,横浜FC,None,岡山,ニッパツ,None,DAZN
2018,J2 ,第41節第1日,11/10(土),14:00,大分,None,金沢,大銀ド,None,DAZN/NHK大分
2018,J2 ,第41節第1日,11/10(土),15:00,京都,None,千葉,西京極,None,DAZN/KBS京都(録)
2018,J2 ,第41節第1日,11/10(土),16:00,大宮,None,山形,NACK,None,DAZN
2018,J3 ,第31節第1日,11/10(土),13:00,鹿児島,None,F東23,白波スタ,None,DAZN
2018,J2 ,第41節第2日,11/11(日),13:00,東京V,None,讃岐,味スタ,None,DAZN
2018,J2 ,第41節第2日,11/11(日),13:00,山口,None,甲府,みらスタ,None,DAZN/NHK山口/NHK甲府
2018,J2 ,第41節第2日,11/11(日),13:05,福岡,None,熊本,レベスタ,None,DAZN/NHK福岡/NHK熊本
2018,J2 ,第41節第2日,11/11(日),14:00,水戸,None,岐阜,Ksスタ,None,DAZN
2018,J2 ,第41節第2日,11/11(日),14:00,栃木,None,松本,栃木グ,None,DAZN/とちぎテレビ(録)
2018,J2 ,第41節第2日,11/11(日),14:00,徳島,None,新潟,鳴門大塚,None,DAZN/NHK徳島
2018,J2 ,第41節第2日,11/11(日),15:00,愛媛,None,町田,ニンスタ,None,DAZN/NHK松山/南海放送(録)
2018,J3 ,第31節第2日,11/11(日),13:00,相模原,None,藤枝,ギオンス,None,DAZN
2018,J3 ,第31節第2日,11/11(日),13:00,長野,None,G大23,長野U,None,DAZN
2018,J3 ,第31節第2日,11/11(日),14:00,YS横浜,None,盛岡,三ツ沢陸,None,DAZN
2018,J3 ,第31節第2日,11/11(日),14:00,富山,None,沼津,富山,None,DAZN
2018,J3 ,第31節第2日,11/11(日),14:00,北九州,None,秋田,ミクスタ,None,DAZN
2018,J3 ,第31節第2日,11/11(日),14:00,C大23,None,琉球,ヤンマー,None,DAZN
2018,J3 ,第31節第2日,11/11(日),19:30,群馬,None,鳥取,正田スタ,None,DAZN
2018,J2 ,第42節第1日,11/17(土),14:00,山形,None,大分,NDスタ,None,DAZN
2018,J2 ,第42節第1日,11/17(土),14:00,千葉,None,栃木,フクアリ,None,DAZN
2018,J2 ,第42節第1日,11/17(土),14:00,町田,None,東京V,町田,None,DAZN
2018,J2 ,第42節第1日,11/17(土),14:00,甲府,None,横浜FC,中銀スタ,None,DAZN
2018,J2 ,第42節第1日,11/17(土),14:00,松本,None,徳島,松本,None,DAZN
2018,J2 ,第42節第1日,11/17(土),14:00,新潟,None,山口,デンカS,None,DAZN
2018,J2 ,第42節第1日,11/17(土),14:00,金沢,None,水戸,石川西部,None,DAZN
2018,J2 ,第42節第1日,11/17(土),14:00,岐阜,None,福岡,長良川,None,DAZN
2018,J2 ,第42節第1日,11/17(土),14:00,岡山,None,大宮,Cスタ,None,DAZN/NHK岡山
2018,J2 ,第42節第1日,11/17(土),14:00,讃岐,None,京都,ピカスタ,None,DAZN
2018,J2 ,第42節第1日,11/17(土),14:00,熊本,None,愛媛,えがおS,None,DAZN/NHK熊本
2018,J3 ,第32節第1日,11/17(土),13:00,藤枝,None,鹿児島,藤枝サ,None,DAZN
2018,J3 ,第32節第2日,11/18(日),13:00,盛岡,None,C大23,いわスタ,None,DAZN
2018,J3 ,第32節第2日,11/18(日),13:00,秋田,None,富山,A‐スタ,None,DAZN
2018,J3 ,第32節第2日,11/18(日),13:00,沼津,None,相模原,愛鷹,None,DAZN
2018,J3 ,第32節第2日,11/18(日),13:00,鳥取,None,長野,とりスタ,None,DAZN
2018,J3 ,第32節第2日,11/18(日),13:05,福島,None,G大23,とうスタ,None,DAZN/NHK福島
2018,J3 ,第32節第2日,11/18(日),14:00,F東23,None,YS横浜,夢の島,None,DAZN
2018,J3 ,第32節第2日,11/18(日),19:00,群馬,None,北九州,正田スタ,None,DAZN/群馬テレビ
2018,J3 ,第33節第1日,11/23(金・祝),14:00,F東23,None,長野,味フィ西,None,DAZN
2018,J3 ,第33節第1日,11/23(金・祝),15:00,琉球,None,相模原,タピスタ,None,DAZN
2018,J1 ,第33節第1日,11/24(土),14:00,仙台,None,鹿島,ユアスタ,None,DAZN/NHK仙台
2018,J1 ,第33節第1日,11/24(土),14:00,FC東京,None,川崎F,味スタ,None,DAZN
2018,J1 ,第33節第1日,11/24(土),14:00,湘南,None,浦和,BMWス,None,DAZN
2018,J1 ,第33節第1日,11/24(土),14:00,清水,None,神戸,アイスタ,None,DAZN/テレビ静岡
2018,J1 ,第33節第1日,11/24(土),14:00,磐田,None,札幌,ヤマハ,None,DAZN
2018,J1 ,第33節第1日,11/24(土),14:00,G大阪,None,長崎,吹田S,None,DAZN
2018,J1 ,第33節第1日,11/24(土),14:00,C大阪,None,柏,ヤンマー,None,DAZN
2018,J1 ,第33節第1日,11/24(土),14:00,広島,None,名古屋,Eスタ,None,DAZN/NHK広島/NHK名古屋
2018,J1 ,第33節第1日,11/24(土),14:00,鳥栖,None,横浜FM,ベアスタ,None,DAZN/NHK佐賀
2018,J3 ,第33節第2日,11/24(土),13:00,YS横浜,None,鳥取,ニッパツ,None,DAZN
2018,J3 ,第33節第2日,11/24(土),13:00,藤枝,None,群馬,藤枝サ,None,DAZN
2018,J3 ,第33節第3日,11/25(日),13:00,福島,None,秋田,とうスタ,None,DAZN
2018,J3 ,第33節第3日,11/25(日),13:00,鹿児島,None,沼津,白波スタ,None,DAZN/NHK鹿児島
2018,J3 ,第33節第3日,11/25(日),14:00,G大23,None,北九州,吹田S,None,DAZN
2018,J3 ,第33節第3日,11/25(日),14:00,C大23,None,富山,ヤンマー,None,DAZN
2018,J1 ,第34節第1日,12/01(土),14:00,札幌,None,広島,札幌ド,None,DAZN
2018,J1 ,第34節第1日,12/01(土),14:00,鹿島,None,鳥栖,カシマ,None,DAZN
2018,J1 ,第34節第1日,12/01(土),14:00,浦和,None,FC東京,埼玉,None,DAZN/テレ玉
2018,J1 ,第34節第1日,12/01(土),14:00,柏,None,G大阪,三協F柏,None,DAZN
2018,J1 ,第34節第1日,12/01(土),14:00,川崎F,None,磐田,等々力,None,DAZN
2018,J1 ,第34節第1日,12/01(土),14:00,横浜FM,None,C大阪,日産ス,None,DAZN
2018,J1 ,第34節第1日,12/01(土),14:00,名古屋,None,湘南,パロ瑞穂,None,DAZN
2018,J1 ,第34節第1日,12/01(土),14:00,神戸,None,仙台,ノエスタ,None,DAZN/サンテレビ(録)
2018,J1 ,第34節第1日,12/01(土),14:00,長崎,None,清水,トラスタ,None,DAZN
2018,J3 ,第34節第1日,12/02(日),13:00,群馬,None,YS横浜,正田スタ,None,DAZN/群馬テレビ(録)
2018,J3 ,第34節第1日,12/02(日),13:00,相模原,None,鹿児島,ギオンス,None,DAZN
2018,J3 ,第34節第1日,12/02(日),13:00,長野,None,盛岡,長野U,None,DAZN
2018,J3 ,第34節第1日,12/02(日),13:00,富山,None,琉球,富山,None,DAZN
2018,J3 ,第34節第1日,12/02(日),13:00,沼津,None,秋田,愛鷹,None,DAZN
2018,J3 ,第34節第1日,12/02(日),13:00,鳥取,None,藤枝,とりスタ,None,DAZN
2018,J3 ,第34節第1日,12/02(日),13:00,北九州,None,福島,ミクスタ,None,DAZN
2018,J3 ,第34節第1日,12/02(日),13:00,G大23,None,C大23,吹田S,None,DAZN
